x,y
-1.296,54.611
-1.277,54.611
-1.053,54.528
-1.287,54.622
-1.058,54.537
-1.068,54.528
-0.952,54.539
-1.291,54.596
-1.355,54.606
-1.573,55.137
-1.604,55.134
-1.650,54.972
-1.551,54.967
-1.668,54.973
-1.558,54.972
-1.688,54.978
-1.571,54.974
-1.598,54.977
-1.624,54.974
-1.468,55.053
-1.585,55.056
-1.715,54.638
-1.685,54.647
-1.659,54.657
-1.685,54.655
-1.740,54.715
-1.686,54.705
-1.226,54.552
-1.248,54.548
-1.252,54.557
-1.201,54.552
-1.183,54.557
-1.264,54.557
-1.241,54.560
-1.225,54.560
-1.258,54.542
-1.215,54.541
-1.580,54.904
-1.483,54.953
-1.569,54.889
-1.429,54.961
-1.588,54.924
-1.369,54.958
-1.806,54.920
-1.485,54.963
-1.571,54.929
-1.446,54.963
-1.746,54.925
-1.510,54.964
-1.658,54.935
-1.463,54.965
-1.600,54.930
-1.406,54.969
-1.663,55.021
-1.411,54.951
-1.625,55.023
-1.464,54.951
-1.597,54.951
-1.595,54.959
-1.392,54.762
-1.315,54.763
-1.340,54.788
-1.332,54.767
-1.362,54.832
-1.395,54.813
-1.366,54.840
-1.338,54.834
-1.349,54.764
-1.347,54.751
-1.074,54.609
-1.090,54.607
-1.216,54.521
-1.065,54.616
-1.196,54.524
-1.244,54.523
-1.260,54.534
-1.051,54.604
-1.072,54.597
-1.776,55.029
-2.229,55.140
-1.747,55.049
-1.733,55.166
-1.688,55.164
-1.593,55.238
-1.653,55.180
-1.529,54.921
-1.375,54.920
-1.583,55.002
-1.395,54.921
-1.653,55.001
-1.420,54.926
-1.611,55.006
-1.450,54.929
-1.630,55.004
-1.375,54.930
-1.647,55.013
-1.387,54.932
-2.464,54.970
-1.687,55.007
-1.441,54.946
-1.864,54.970
-1.673,54.997
-1.523,54.915
-1.577,54.994
-1.451,54.920
-1.249,54.681
-1.542,54.691
-1.614,54.692
-1.430,54.698
-1.582,54.699
-1.375,54.732
-1.600,54.706
-1.292,54.748
-1.422,54.742
-1.553,54.664
-1.452,54.657
-1.546,55.177
-1.581,55.178
-1.517,55.184
-1.563,55.181
-2.222,54.963
-2.107,54.969
-1.851,54.961
-1.562,55.172
-1.592,55.162
-1.164,54.565
-1.445,54.811
-1.467,54.839
-1.454,54.824
-1.481,54.863
-1.494,54.844
-1.497,54.868
-1.405,54.863
-1.740,54.821
-1.679,54.797
-1.816,54.846
-1.860,54.847
-1.712,54.861
-1.832,54.856
-1.744,54.866
-1.687,54.864
-1.568,54.801
-1.586,54.796
-1.558,54.530
-1.530,54.529
-1.583,54.539
-1.567,54.534
-1.551,54.542
-1.528,54.541
-1.548,54.550
-1.525,54.547
-1.570,54.524
-1.587,54.526
-1.220,54.689
-1.226,54.696
-1.210,54.703
-1.246,54.711
-1.220,54.682
-1.233,54.688
-1.526,54.995
-1.539,54.993
-1.460,55.000
-1.502,54.996
-1.550,55.005
-1.499,55.002
-1.470,55.007
-1.527,55.006
-1.426,54.998
-1.434,54.988
-2.007,55.764
-2.022,55.754
-1.594,55.332
-1.908,55.312
-1.630,55.428
-1.708,55.410
-1.874,55.579
-1.536,55.127
-1.720,54.956
-1.552,54.955
-1.787,54.964
-1.755,54.971
-1.612,54.954
-1.634,54.954
-1.699,54.771
-1.634,54.751
-1.574,54.772
-1.593,54.771
-1.526,54.787
-1.550,54.779
-1.635,54.784
-1.497,54.782
-1.527,54.739
-1.499,54.718
-1.553,54.516
-1.475,54.511
-1.539,54.519
-1.527,54.515
-1.200,54.569
-1.230,54.570
-1.242,54.659
-1.194,54.660
-1.224,54.662
-1.237,54.671
-1.217,54.674
-1.202,54.562
-1.247,54.568
-1.505,54.977
-1.522,54.974
-1.488,54.979
-1.399,54.977
-1.426,54.980
-1.411,54.979
-1.421,54.989
-1.400,54.984
-1.436,54.974
-1.454,54.971
-1.575,55.088
-1.504,55.076
-1.583,55.100
-1.592,55.087
-1.535,55.115
-1.514,55.111
-1.509,55.124
-1.524,55.121
-1.582,55.075
-1.532,55.070
-1.592,54.938
-1.546,54.944
-1.531,54.947
-1.645,54.947
-1.570,54.947
-1.586,54.948
-1.607,54.949
-1.680,54.949
-1.561,54.937
-1.686,54.937
-1.373,54.898
-1.505,54.900
-1.444,54.902
-1.417,54.899
-1.427,54.904
-1.388,54.903
-1.539,54.907
-1.406,54.906
-1.404,54.899
-1.523,54.898
-1.326,54.572
-1.348,54.569
-1.309,54.581
-1.362,54.575
-1.337,54.587
-1.353,54.583
-1.323,54.594
-1.313,54.589
-1.319,54.560
-1.361,54.562
-1.461,55.038
-1.440,55.033
-1.501,55.040
-1.574,55.040
-1.472,55.042
-1.443,55.041
-1.457,55.049
-1.628,55.049
-1.512,55.032
-1.557,55.033
-1.424,54.876
-1.402,54.872
-1.370,54.885
-1.531,54.882
-1.393,54.891
-1.424,54.886
-1.544,54.894
-1.173,54.543
-1.707,55.000
-1.444,54.891
-1.186,54.530
-1.369,54.871
-1.434,54.870
-1.307,54.518
-1.322,54.517
-1.295,54.532
-1.354,54.522
-1.292,54.547
-1.299,54.540
-1.338,54.558
-1.300,54.554
-1.349,54.499
-1.584,54.550
-1.586,55.014
-1.465,55.014
-1.445,55.017
-1.556,55.019
-1.481,55.021
-1.429,55.018
-1.456,55.026
-1.569,55.024
-1.513,55.013
-1.451,55.011
-1.734,54.900
-1.624,54.821
-1.529,54.845
-1.584,54.848
-1.588,54.854
-1.577,54.865
-1.612,54.872
-1.604,54.885
-1.691,54.875
-1.845,54.873
-0.976,54.563
-0.895,54.557
-0.939,54.569
-1.139,54.562
-1.146,54.571
-1.025,54.590
-0.978,54.582
-1.154,54.552
-1.669,54.983
-1.548,54.984
-1.599,54.986
-1.577,54.985
-1.701,54.991
-1.660,54.988
-1.607,54.993
-1.749,54.993
-1.710,54.981
-1.640,54.978
-2.015,54.591
-1.920,54.546
-1.577,54.616
-1.789,54.613
-1.586,54.623
-1.562,54.621
-1.644,54.631
-1.583,54.630
-1.976,54.738
-1.755,54.716
-1.693,55.159
-1.979,54.953
-1.725,54.959
-2.178,53.853
-2.225,53.849
-2.175,53.860
-2.144,53.858
-2.144,53.913
-2.161,53.861
-2.188,53.921
-2.187,53.915
-2.060,53.489
-2.039,53.488
-2.091,53.498
-2.079,53.490
-2.074,53.499
-2.108,53.498
-2.090,53.506
-2.208,53.842
-2.029,53.503
-2.204,53.835
-2.136,53.486
-2.151,53.485
-3.031,53.843
-3.040,53.834
-3.029,53.857
-3.047,53.852
-2.411,53.656
-3.038,53.870
-2.471,53.698
-2.457,53.686
-3.051,53.831
-3.017,53.831
-3.133,54.600
-3.199,54.182
-3.547,54.633
-3.531,54.656
-3.557,54.633
-3.412,54.661
-3.356,54.661
-3.179,54.153
-3.212,54.133
-2.116,53.561
-2.155,53.445
-2.439,53.430
-2.144,53.553
-2.415,53.451
-2.075,53.565
-2.280,53.474
-2.131,53.562
-2.361,53.478
-2.108,53.569
-2.349,53.480
-2.008,53.567
-2.371,53.480
-2.093,53.577
-2.284,53.487
-2.132,53.575
-2.092,53.553
-2.161,53.432
-2.082,53.550
-2.165,53.444
-2.177,53.488
-2.217,53.484
-2.829,54.064
-2.178,53.499
-2.238,53.511
-2.209,53.506
-2.215,53.515
-2.195,53.513
-2.214,53.166
-2.236,53.165
-3.508,54.445
-2.440,53.183
-2.191,53.480
-3.275,54.211
-2.196,53.167
-3.584,54.530
-2.360,53.201
-3.535,54.485
-2.450,53.190
-3.567,54.543
-2.793,53.046
-2.662,53.164
-3.512,54.525
-2.340,53.217
-2.528,53.181
-3.558,54.579
-3.584,54.548
-2.192,53.155
-2.370,53.149
-2.606,54.742
-2.815,54.753
-2.931,53.427
-2.902,53.427
-2.963,53.429
-2.950,53.428
-2.920,53.434
-2.877,53.431
-2.979,53.436
-2.947,53.435
-2.986,53.423
-2.971,53.421
-2.944,53.604
-2.843,53.598
-2.839,53.694
-2.912,53.674
-2.684,53.689
-2.718,53.688
-2.735,53.693
-2.708,53.694
-2.755,53.593
-2.680,53.789
-2.744,53.784
-2.735,53.807
-2.714,53.793
-2.231,53.823
-2.647,53.817
-2.219,53.833
-2.198,53.833
-2.073,53.396
-2.672,53.590
-2.109,53.393
-2.316,53.370
-2.186,53.401
-2.359,53.376
-2.144,53.400
-2.337,53.379
-2.171,53.403
-2.365,53.390
-2.048,53.403
-2.347,53.394
-2.154,53.410
-2.328,53.395
-2.707,53.781
-2.136,53.406
-2.311,53.395
-2.673,53.779
-2.198,53.393
-2.693,53.573
-2.159,53.394
-2.657,53.584
-2.666,53.322
-2.710,53.329
-2.739,53.336
-2.720,53.336
-2.687,53.337
-2.664,53.337
-2.774,53.356
-2.732,53.364
-2.710,53.319
-2.686,53.322
-2.980,53.449
-3.044,53.436
-2.996,53.459
-2.994,53.450
-3.005,53.463
-2.978,53.463
-3.016,53.470
-2.986,53.471
-3.038,53.428
-3.066,53.425
-2.582,53.390
-2.601,53.386
-2.660,53.394
-2.633,53.389
-2.608,53.400
-2.531,53.399
-2.581,53.402
-2.559,53.401
-2.657,53.384
-2.561,53.383
-2.992,53.411
-2.977,53.406
-2.087,53.541
-2.180,53.414
-2.984,53.397
-2.005,53.538
-2.080,53.416
-2.145,53.544
-2.116,53.420
-2.067,53.543
-2.192,53.421
-2.162,53.547
-2.163,53.421
-2.128,53.546
-2.178,53.427
-2.027,53.550
-2.094,53.427
-2.113,53.548
-2.135,53.429
-2.055,53.538
-2.200,53.413
-2.098,53.536
-2.105,53.414
-2.284,53.595
-2.316,53.596
-2.332,53.606
-2.271,53.600
-2.293,53.611
-2.312,53.607
-2.332,53.629
-2.337,53.621
-2.331,53.590
-2.902,54.372
-2.295,53.585
-2.742,54.336
-2.371,54.481
-2.962,54.428
-2.841,54.632
-2.545,54.589
-2.754,54.663
-2.751,54.327
-2.727,54.323
-2.950,53.413
-2.958,53.406
-2.939,53.415
-2.909,53.415
-2.888,53.419
-2.919,53.417
-2.954,53.421
-2.873,53.419
-2.914,53.405
-2.761,53.547
-2.759,53.539
-2.803,53.550
-2.905,53.550
-2.777,53.562
-2.776,53.555
-2.881,53.566
-2.838,53.562
-2.732,53.542
-3.018,53.922
-2.860,54.072
-2.839,54.076
-2.725,54.075
-2.645,54.120
-2.800,54.096
-2.771,54.130
-2.194,53.382
-2.685,53.544
-2.119,53.382
-2.668,53.544
-2.222,53.388
-2.619,53.547
-2.063,53.387
-2.644,53.553
-2.172,53.390
-2.604,53.555
-2.141,53.388
-2.632,53.558
-2.126,53.393
-2.653,53.560
-2.873,54.063
-2.236,53.393
-2.592,53.571
-2.884,54.063
-2.167,53.378
-2.577,53.535
-2.132,53.374
-2.604,53.543
-2.573,53.411
-2.555,53.416
-2.588,53.416
-2.515,53.420
-2.533,53.423
-2.649,53.432
-2.513,53.450
-2.528,53.452
-2.629,53.402
-2.644,53.404
-3.040,53.409
-3.068,53.402
-3.025,53.412
-3.101,53.406
-3.048,53.417
-3.054,53.425
-3.033,53.419
-3.114,53.401
-3.142,53.401
-2.504,53.757
-2.469,53.759
-2.572,53.353
-2.477,53.768
-2.576,53.369
-2.558,53.357
-2.475,53.381
-2.545,53.377
-2.484,53.757
-2.500,53.749
-2.234,53.487
-2.130,53.276
-2.158,53.265
-2.239,53.301
-2.104,53.294
-2.150,53.293
-2.375,53.300
-2.249,53.319
-2.360,53.306
-2.114,53.263
-2.141,53.261
-2.324,53.553
-2.303,53.550
-2.336,53.563
-2.281,53.560
-2.338,53.570
-2.313,53.568
-2.359,53.576
-2.294,53.575
-2.292,53.548
-2.279,53.548
-2.926,53.468
-2.847,53.371
-2.835,53.366
-2.847,53.406
-2.814,53.396
-2.876,53.411
-2.829,53.407
-2.953,53.467
-2.966,53.462
-2.891,54.044
-2.810,54.043
-2.799,54.048
-2.792,54.043
-2.786,54.052
-2.855,54.062
-2.802,54.062
-2.789,54.034
-2.789,54.005
-2.933,53.519
-2.934,53.510
-3.054,53.551
-2.949,53.525
-3.059,53.561
-3.075,53.550
-3.046,53.598
-3.072,53.563
-2.948,53.506
-3.009,53.498
-2.255,53.512
-2.278,53.511
-2.314,53.515
-2.349,53.513
-2.343,53.519
-2.395,53.519
-2.426,53.525
-2.334,53.522
-2.335,53.506
-2.416,53.505
-2.302,53.788
-2.264,53.784
-2.261,53.471
-2.197,53.785
-2.252,53.475
-2.216,53.787
-2.243,53.471
-2.231,53.790
-2.246,53.501
-2.270,53.793
-2.233,53.477
-2.276,53.797
-2.639,53.713
-2.549,53.274
-2.756,53.269
-2.719,53.294
-2.557,53.291
-2.128,53.246
-2.131,53.255
-2.156,53.253
-2.463,53.270
-2.512,53.261
-2.232,53.418
-2.448,53.564
-2.260,53.423
-2.370,53.563
-2.207,53.427
-2.447,53.570
-2.222,53.428
-2.422,53.564
-2.245,53.427
-2.386,53.576
-2.235,53.430
-2.481,53.572
-2.280,53.437
-2.408,53.582
-2.215,53.437
-2.461,53.578
-2.223,53.409
-2.437,53.561
-2.285,53.411
-2.459,53.559
-2.913,53.445
-2.932,53.443
-2.943,53.447
-2.962,53.445
-2.963,53.453
-2.881,53.451
-2.902,53.453
-2.928,53.453
-2.969,53.441
-2.892,53.437
-2.351,53.448
-2.324,53.451
-2.394,53.450
-3.043,53.910
-2.864,53.376
-2.519,53.501
-2.962,53.379
-2.502,53.499
-2.914,53.381
-2.458,53.507
-2.931,53.380
-2.448,53.503
-2.890,53.384
-2.585,53.510
-2.869,53.386
-2.528,53.511
-2.838,53.387
-2.603,53.522
-3.024,53.879
-2.966,53.387
-2.462,53.515
-3.008,53.877
-2.912,53.369
-2.648,53.499
-2.943,53.375
-2.537,53.499
-2.422,53.822
-2.484,53.788
-2.350,53.828
-2.603,53.828
-2.400,53.868
-2.592,53.835
-2.392,53.900
-2.388,53.874
-2.220,53.366
-2.179,53.360
-2.074,53.366
-2.189,53.366
-2.230,53.372
-2.156,53.369
-2.202,53.373
-2.284,53.725
-1.006,53.207
-1.304,52.971
-1.184,53.132
-1.152,53.134
-1.165,53.140
-1.271,52.898
-1.296,52.897
-0.802,53.081
-1.273,53.143
-1.111,53.113
-1.393,52.543
-1.370,52.546
-1.362,52.553
-1.416,52.569
-1.344,52.570
-1.315,52.574
-1.307,52.625
-1.404,52.638
-1.357,52.534
-1.385,52.537
-1.370,52.721
-0.369,52.712
-0.370,52.766
-1.528,52.739
-0.384,52.772
-1.334,52.723
-0.626,52.807
-1.480,52.743
-0.367,52.840
-1.355,52.738
-0.601,52.914
-1.369,52.750
-0.640,52.905
-1.407,52.745
-0.661,52.907
-1.510,52.703
-0.299,52.676
-1.397,52.691
-0.320,52.680
-0.936,52.251
-0.883,52.253
-0.827,52.252
-0.875,52.254
-0.960,52.255
-0.809,52.256
-0.863,52.255
-0.948,52.249
-0.850,52.244
-1.117,52.649
-1.099,52.647
-1.148,52.650
-1.069,52.655
-1.122,52.655
-1.114,52.655
-1.162,52.659
-1.101,52.658
-2.001,53.368
-1.966,53.440
-1.948,53.441
-1.168,52.644
-1.981,53.455
-1.069,52.642
-1.968,53.464
-1.295,52.885
-1.273,52.889
-1.334,52.896
-1.985,53.368
-1.343,52.842
-0.856,52.744
-0.883,52.756
-0.896,52.767
-0.955,52.766
-0.883,52.774
-0.837,52.896
-1.362,52.526
-1.474,52.751
-1.285,52.833
-0.759,53.396
-1.478,53.049
-1.157,53.156
-1.387,53.076
-1.224,53.157
-1.388,53.052
-1.185,53.161
-1.478,53.086
-1.198,53.166
-1.365,53.079
-1.181,53.172
-1.153,53.202
-1.146,53.214
-1.480,53.022
-1.455,53.021
-1.222,53.142
-1.181,53.145
-1.195,52.620
-1.177,52.609
-1.214,52.623
-1.230,52.627
-1.195,52.585
-1.212,52.574
-1.369,52.716
-0.917,52.250
-0.897,52.225
-1.345,53.007
-1.106,53.298
0.021,52.743
-0.524,53.235
-0.608,52.292
-1.210,52.851
-1.196,53.041
-0.006,52.980
-2.176,52.208
-2.214,52.207
-2.227,52.217
-2.187,52.210
-1.951,52.282
0.515,52.032
0.678,52.005
0.413,51.565
0.491,51.562
0.483,51.565
0.459,51.564
0.445,51.570
0.510,51.569
0.591,51.977
0.634,51.941
0.085,52.559
-0.128,52.558
0.165,52.661
0.111,52.635
0.129,52.685
0.169,52.674
0.268,52.229
0.097,52.550
-0.088,52.556
0.310,51.491
0.930,51.898
-0.231,51.973
-0.209,51.970
-0.118,51.711
-0.218,51.982
-0.186,51.721
-0.243,51.981
-0.219,51.736
-0.185,51.987
-0.232,51.749
-0.165,51.943
-0.233,51.761
-0.018,52.049
-0.218,51.765
-0.228,51.992
-0.275,51.956
-0.254,51.955
-0.270,52.552
-0.110,52.246
-0.069,52.217
-0.276,52.535
0.371,51.486
0.326,51.495
0.342,51.494
0.285,51.506
0.252,51.501
0.426,51.517
0.292,51.517
0.417,51.484
0.339,51.483
-0.288,52.545
-0.308,52.553
-0.216,52.553
-0.257,52.568
-0.242,52.560
-0.241,52.580
-0.281,52.576
-0.439,51.921
1.517,52.295
-0.467,51.918
0.446,52.081
0.417,52.086
0.431,52.088
0.495,52.107
0.591,52.111
0.718,52.235
-2.276,53.454
-2.379,53.453
-2.351,53.457
-2.300,53.455
-2.366,53.446
-2.305,53.448
-3.028,53.764
-2.735,53.750
-3.003,53.756
-2.176,53.659
-2.883,53.785
-2.307,53.676
-2.853,53.773
-2.331,53.690
-2.602,53.618
-2.953,53.822
-2.643,53.642
-2.286,53.701
-2.661,53.623
-2.195,53.703
-3.028,53.754
-2.733,53.741
-2.880,53.751
-2.622,53.740
-3.090,53.325
-2.983,53.316
-3.004,53.335
-2.983,53.330
-2.996,53.349
-3.101,53.335
-3.094,53.351
-3.018,53.350
-2.969,53.312
-3.036,53.483
-2.972,53.484
-2.926,53.484
-2.953,53.486
-2.996,53.487
-3.017,53.488
-3.037,53.492
-2.976,53.491
-3.026,53.479
-2.998,53.477
-2.342,53.489
-2.314,53.488
-2.308,53.497
-2.367,53.491
-2.259,53.503
-2.281,53.497
-2.362,53.504
-2.258,53.487
-2.297,53.487
-2.619,53.653
-2.646,53.661
-2.772,53.665
-2.625,53.662
-2.674,53.666
-2.636,53.685
-2.655,53.699
-2.574,53.697
-2.722,53.644
-2.629,53.645
-2.933,53.281
-2.945,53.277
-3.058,53.283
-2.902,53.283
-3.005,53.291
-2.932,53.288
-2.593,53.033
-3.065,53.295
-2.917,53.275
-2.890,53.272
-2.266,53.373
-2.418,53.544
-2.250,53.378
-2.372,53.541
-2.283,53.383
-2.526,53.547
-2.266,53.386
-2.397,53.546
-2.257,53.391
-2.420,53.552
-2.282,53.397
-2.472,53.552
-2.304,53.403
-2.401,53.555
-2.258,53.406
-2.511,53.554
-2.526,53.537
-2.091,53.583
-2.321,53.645
-2.107,53.584
-2.560,53.473
-2.878,53.493
-2.599,53.477
-2.577,53.476
-2.644,53.489
-2.522,53.488
-2.499,53.491
-2.626,53.490
-2.894,53.494
-2.881,53.479
-2.298,53.415
-2.360,53.410
-2.345,53.419
-2.431,53.417
-2.305,53.421
-2.320,53.421
-2.327,53.429
-2.350,53.428
-2.342,53.408
-2.328,53.406
-2.390,53.755
-2.377,53.749
-2.752,53.727
-2.417,53.768
-2.685,53.727
-2.360,53.758
-2.656,53.731
-2.406,53.786
-2.667,53.730
-2.381,53.775
-2.717,53.735
-2.998,53.744
-2.708,53.739
-2.954,53.740
-2.672,53.741
-2.399,53.744
-2.693,53.698
-2.354,53.743
-2.694,53.710
-2.714,53.374
-2.771,53.374
-2.725,53.386
-2.751,53.381
-2.734,53.372
-2.761,53.368
-2.770,53.420
-2.718,53.419
-2.753,53.433
-2.715,53.430
-2.692,53.446
-2.779,53.435
-2.624,53.450
-2.760,53.450
-2.761,53.411
-2.955,53.673
-2.889,53.208
-2.875,53.212
-2.951,53.226
-2.816,53.258
-2.930,53.202
-2.922,53.209
-2.156,53.607
-2.150,53.595
-2.117,53.611
-2.103,53.609
-2.197,53.611
-2.139,53.609
-2.179,53.622
-2.164,53.618
-2.961,55.009
-3.246,54.102
-2.180,53.593
-3.257,54.112
-2.548,53.602
-2.225,53.591
-3.223,54.113
-2.428,53.609
-3.209,54.113
-2.408,53.611
-3.192,54.117
-2.434,53.622
-3.221,54.123
-3.230,54.126
-2.947,54.913
-2.732,54.944
-2.388,53.599
-2.435,53.601
-2.214,53.345
-2.223,53.336
-2.130,53.349
-2.112,53.346
-2.919,53.261
-2.036,53.358
-2.927,53.270
-2.902,53.266
-2.236,53.326
-2.343,53.317
-2.242,53.696
-2.250,53.779
-2.841,53.424
-2.830,53.419
-2.860,53.423
-2.789,53.424
-2.861,53.434
-2.803,53.426
-2.903,53.478
-2.874,53.471
-2.856,53.416
-2.795,53.413
-2.075,53.472
-2.118,53.469
-2.067,53.476
-2.090,53.476
-2.134,53.478
-2.046,53.478
-2.164,53.484
-2.107,53.484
-2.075,53.461
-2.111,53.459
-2.988,53.635
-3.019,53.633
-2.981,53.644
-3.003,53.639
-2.999,53.651
-2.968,53.648
-2.965,53.665
-2.979,53.658
-3.014,53.619
-3.032,53.602
-3.003,53.801
-3.038,53.801
-3.024,53.807
-3.051,53.801
-3.045,53.816
-3.039,53.811
-3.043,53.825
-3.028,53.823
-3.026,53.798
-3.049,53.788
-2.192,53.539
-2.426,53.535
-2.180,53.550
-2.205,53.549
-2.196,53.560
-2.214,53.558
-2.242,53.592
-2.212,53.586
-2.900,54.881
-2.929,54.883
-2.412,53.531
-2.966,54.887
-2.523,53.587
-2.395,53.528
-2.952,54.889
-2.390,53.587
-2.816,54.897
-2.473,53.590
-2.924,54.893
-2.439,53.592
-2.984,54.893
-2.412,53.593
-2.923,54.909
-2.579,53.591
-2.453,53.593
-2.540,53.594
-2.933,54.866
-2.927,54.875
-2.434,53.583
-2.451,53.583
-2.212,53.458
-2.176,53.457
-2.194,53.462
-2.162,53.464
-2.223,53.467
-2.244,53.465
-2.167,53.470
-2.436,53.108
-2.453,53.106
-2.245,53.455
-2.321,53.096
-2.231,53.453
-2.457,53.117
-2.286,53.113
-2.299,53.097
-2.390,53.142
-2.359,53.141
-2.467,53.105
-2.423,53.099
-2.905,53.391
-2.645,53.524
-2.862,53.393
-2.669,53.522
-2.950,53.394
-2.708,53.532
-2.931,53.394
-2.547,53.525
-2.968,53.397
-2.566,53.532
-2.886,53.400
-2.492,53.531
-2.934,53.400
-2.671,53.535
-2.898,53.403
-2.649,53.534
-2.951,53.388
-2.482,53.523
-2.919,53.389
-2.504,53.521
-2.678,53.766
-2.697,53.766
-2.717,53.770
-2.753,53.768
-2.758,53.777
-2.700,53.770
-2.732,53.775
-2.659,53.774
-2.074,53.448
-2.104,53.443
-2.103,53.452
-2.028,53.450
-2.147,53.453
-2.121,53.454
-2.060,53.456
-2.676,53.761
-2.001,53.459
-2.704,53.756
-2.075,53.439
-2.265,53.461
-2.786,53.504
-3.026,53.382
-2.710,53.495
-3.049,53.385
-2.872,53.348
-3.081,53.385
-2.835,53.343
-3.099,53.389
-2.917,53.362
-3.118,53.391
-2.900,53.356
-3.030,53.392
-2.894,53.365
-3.058,53.396
-2.859,53.362
-3.176,53.395
-2.671,53.492
-3.120,53.377
-2.727,53.473
-3.036,53.379
-3.024,53.788
-3.039,53.783
-2.216,53.811
-2.233,53.807
-2.108,53.524
-2.127,53.519
-2.142,53.528
-2.156,53.527
-2.081,53.530
-2.240,53.801
-2.114,53.531
-2.310,53.798
-2.144,53.515
-2.163,53.509
-2.217,53.443
-2.270,53.440
-2.243,53.446
-2.188,53.444
-2.261,53.451
-2.279,53.446
-2.215,53.452
-2.191,53.451
-2.514,53.070
-2.502,53.061
-2.198,53.437
-3.090,54.194
-2.442,53.084
-2.237,53.437
-2.932,54.185
-2.464,53.079
-2.735,54.259
-2.445,53.091
-2.782,54.213
-2.470,53.090
-3.135,54.258
-2.452,53.096
-2.531,54.300
-2.396,53.099
-2.741,54.314
-2.940,54.266
-2.454,53.063
-2.525,53.064
-3.102,54.179
-3.039,53.883
-2.865,53.870
-2.764,53.896
-2.779,53.902
-2.969,53.918
-3.030,53.908
-3.033,53.920
-2.114,53.371
-2.323,53.704
-2.163,53.354
-2.040,53.518
-2.699,53.453
-3.000,53.362
-2.748,53.453
-3.050,53.369
-2.776,53.458
-3.023,53.369
-2.638,53.459
-3.161,53.370
-2.756,53.463
-3.014,53.373
-2.708,53.464
-3.180,53.373
-2.655,53.470
-3.086,53.375
-2.678,53.467
-3.063,53.375
-2.645,53.453
-3.114,53.354
-2.722,53.453
-3.020,53.361
-2.507,53.729
-2.488,53.723
-2.528,53.728
-2.470,53.731
-2.449,53.746
-2.497,53.736
-2.483,53.750
-2.466,53.744
-2.481,53.706
-2.459,53.698
-3.101,54.821
-3.325,54.766
-3.173,54.827
-3.484,54.713
-3.491,54.705
-2.163,53.632
-2.195,53.629
-2.109,53.634
-2.134,53.634
-2.098,53.647
-2.120,53.646
-2.143,53.506
-2.160,53.501
-2.204,53.624
-2.145,53.622
-2.213,53.527
-2.127,53.532
-2.186,53.524
-2.263,53.522
-2.228,53.534
-2.282,53.528
-2.289,53.522
-2.274,53.542
-2.272,53.532
-2.862,53.182
-2.547,53.194
-2.893,53.180
-2.505,53.198
-2.242,53.522
-2.865,53.193
-2.514,53.224
-2.170,53.517
-2.831,53.184
-2.598,53.234
-2.882,53.197
-2.530,53.244
-2.899,53.196
-2.495,53.253
-2.734,53.205
-2.526,53.254
-2.860,53.201
-2.573,53.260
-2.918,53.173
-2.541,53.185
-2.772,53.131
-2.533,53.193
-2.998,53.839
-2.998,53.868
-2.990,53.849
-3.529,54.630
-2.891,53.573
-2.749,54.666
-2.404,53.739
-3.096,53.417
-2.832,53.359
-2.236,53.501
-2.138,53.239
-2.332,53.449
-2.322,53.503
-2.792,53.717
-1.001,53.574
-1.193,53.566
-1.018,53.578
-1.067,53.566
-1.026,53.598
-1.191,53.587
-1.159,53.616
-0.959,53.611
-1.146,53.553
-1.067,53.552
-1.429,53.708
-1.240,53.706
-1.476,53.712
-1.505,53.710
-1.337,53.717
-1.490,53.714
-1.320,53.721
-1.367,53.718
-1.266,53.707
-1.296,53.702
-2.008,53.961
-2.019,53.956
-2.280,54.066
-1.995,53.977
-2.494,54.129
-2.016,54.070
-2.052,53.920
-1.993,53.900
-1.497,53.372
-1.391,53.371
-1.402,53.380
-1.528,53.379
-1.499,53.382
-1.521,53.371
-1.424,53.370
-1.530,53.782
-1.546,53.798
-0.787,54.132
-0.999,53.746
-1.236,53.750
-1.084,53.779
-1.091,53.768
-1.251,53.793
-1.067,53.783
-1.188,53.840
-1.050,53.830
-1.153,53.703
-1.648,53.834
-1.629,53.837
-1.547,53.839
-1.531,53.841
-1.518,53.841
-1.642,53.844
-1.444,53.840
-1.458,53.835
-1.391,53.830
-1.782,53.694
-1.800,53.689
-1.863,53.705
-1.787,53.710
-1.933,53.706
-1.907,53.712
-1.847,53.710
-1.839,53.683
-1.869,53.684
-1.099,53.529
-1.117,53.526
-1.171,53.535
-1.049,53.532
-1.057,53.538
-1.103,53.538
-1.164,53.545
-1.149,53.539
-1.264,53.520
-1.170,53.521
-1.514,53.687
-1.480,53.687
-1.494,53.688
-1.297,53.687
-1.313,53.692
-1.419,53.693
-1.406,53.700
-1.525,53.701
-1.583,53.688
-1.527,53.685
-0.638,53.559
-0.661,53.553
-0.677,53.567
-0.657,53.563
-0.654,53.571
-0.633,53.568
-0.669,53.576
-0.550,53.570
-0.826,53.532
-1.510,54.278
-0.648,53.530
-1.343,54.235
-1.453,54.329
-1.591,54.287
-1.405,54.389
-1.429,54.339
-1.211,54.465
-1.339,54.221
-1.184,54.119
-1.501,53.363
-1.513,53.362
-1.361,53.362
-1.405,53.363
-1.472,53.368
-1.452,53.364
-1.481,53.369
-1.552,53.369
-0.193,54.088
-0.210,54.091
-0.184,54.097
-0.192,54.103
-1.439,53.360
-1.377,53.359
-0.390,53.735
-0.367,53.740
-0.347,53.743
-0.320,54.075
-0.197,54.081
-1.480,53.378
-1.476,53.386
-1.703,53.593
-1.648,53.578
-1.650,53.593
-1.852,53.593
-1.922,53.604
-1.793,53.601
-1.807,53.616
-1.710,53.615
-1.803,53.569
-1.769,53.570
-1.652,53.722
-1.620,53.715
-1.689,53.730
-1.718,53.724
-1.656,53.735
-1.743,53.731
-1.942,53.673
-1.691,53.751
-1.727,53.714
-1.689,53.713
-1.452,53.542
-1.520,53.542
-1.570,53.546
-1.474,53.545
-1.314,53.547
-1.443,53.547
-1.511,53.560
-1.489,53.550
-1.375,53.538
-1.465,53.533
-1.452,53.754
-1.480,53.752
-1.611,53.754
-1.654,53.754
-1.593,53.759
-1.525,53.757
-1.559,53.768
-1.530,53.766
-1.533,53.750
-1.062,53.985
-1.103,53.983
-1.083,54.013
-1.069,53.993
-1.039,54.034
-1.072,54.016
-0.553,53.495
-0.840,53.491
-1.108,53.979
-1.054,53.971
-1.511,53.411
-1.502,53.409
-1.426,53.416
-1.473,53.417
-1.490,53.420
-1.449,53.418
-1.447,53.427
-1.462,53.424
-0.316,53.874
-0.478,53.882
-0.169,53.910
-0.778,53.932
-1.397,53.412
-0.271,53.945
-1.471,53.406
-0.900,53.980
-0.465,53.994
-0.433,53.854
-0.666,53.863
-1.584,53.830
-1.619,53.887
-1.723,53.877
-1.352,53.898
-1.442,53.894
-1.700,53.914
-1.694,53.903
-1.395,53.936
-1.377,53.930
-1.711,53.871
-1.693,53.866
-1.825,53.745
-2.017,53.744
-1.886,53.759
-1.906,53.752
-1.760,53.758
-1.767,53.740
-1.851,53.767
-1.791,53.760
-1.889,53.743
-1.879,53.738
-1.475,53.503
-1.423,53.502
-1.398,53.519
-1.580,53.510
-1.631,53.523
-1.320,53.519
-1.308,53.532
-1.409,53.526
-1.445,53.501
-0.949,53.631
-1.547,53.726
-1.573,53.725
-1.520,53.735
-1.602,53.736
-1.395,53.741
-1.601,53.741
-1.550,53.745
-1.588,53.745
-1.308,53.727
-1.351,53.723
-0.098,53.535
-0.066,53.526
-0.105,53.547
-0.022,53.534
-0.024,53.550
-0.044,53.548
-0.113,53.554
-0.085,53.554
-0.107,53.515
-0.443,53.684
-1.488,53.389
-1.418,53.389
-1.503,53.394
-1.526,53.393
-1.456,53.398
-1.542,53.396
-1.455,53.405
-1.513,53.404
-1.502,53.386
-1.510,53.383
-1.859,53.648
-1.634,53.809
-1.746,53.648
-1.444,53.809
-1.801,53.652
-1.582,53.810
-1.761,53.650
-1.546,53.810
-1.728,53.656
-1.571,53.811
-1.819,53.654
-1.512,53.812
-1.831,53.661
-1.656,53.815
-1.790,53.660
-1.640,53.815
-1.834,53.648
-1.492,53.808
-1.805,53.645
-1.616,53.809
-2.105,53.720
-1.884,53.718
-1.808,53.725
-1.876,53.724
-1.907,53.728
-1.891,53.725
-1.975,53.731
-1.862,53.731
-1.779,53.719
-1.875,53.714
-1.300,53.447
-1.377,53.452
-1.340,53.458
-1.431,53.461
-1.329,53.467
-1.350,53.471
-1.315,53.478
-1.316,53.488
-1.459,53.600
-1.394,53.445
-1.372,53.790
-1.610,53.791
-1.522,53.793
-1.678,53.793
-1.443,53.795
-1.388,53.793
-1.326,53.591
-1.584,53.796
-1.288,53.592
-1.482,53.794
-1.300,53.597
-1.658,53.791
-1.624,53.794
-0.659,53.593
-0.673,53.590
-0.823,53.606
-0.655,53.598
-0.327,53.618
-0.687,53.604
-0.370,53.679
-0.602,53.657
-0.644,53.582
-1.811,54.310
-0.484,53.559
-2.055,54.322
-1.715,54.375
-1.634,54.380
-1.731,54.409
-1.677,54.469
-1.529,53.955
-1.552,53.979
-0.771,54.244
-0.930,54.270
-0.353,53.764
-0.317,53.762
-0.310,53.771
-0.381,53.767
-0.289,53.774
-0.357,53.772
-0.261,53.776
-0.273,53.774
-0.274,53.761
-0.362,53.761
-1.208,53.365
-1.311,53.364
-1.353,53.387
-1.217,53.376
-1.370,53.405
-1.261,53.394
-1.338,53.417
-1.518,53.319
-1.322,53.408
-1.469,53.322
-1.307,53.356
-1.216,53.352
-1.701,53.633
-1.648,53.800
-1.814,53.633
-1.609,53.800
-1.747,53.635
-1.691,53.803
-1.833,53.635
-1.509,53.805
-1.774,53.638
-1.524,53.804
-1.798,53.637
-1.562,53.803
-1.747,53.642
-1.672,53.807
-1.846,53.641
-1.464,53.807
-1.787,53.628
-1.502,53.797
-1.871,53.622
-1.462,53.798
-1.775,53.788
-1.739,53.784
-1.723,53.796
-1.848,53.792
-1.808,53.798
-1.778,53.799
-1.715,53.801
-1.747,53.798
-1.717,53.785
-1.816,53.782
-1.414,53.572
-1.195,53.423
-1.456,53.565
-1.279,53.427
-1.379,53.581
-1.220,53.427
-1.475,53.581
-1.349,53.430
-1.506,53.588
-1.379,53.432
-1.533,53.584
-1.398,53.435
-1.447,53.596
-1.336,53.435
-1.410,53.590
-1.321,53.436
-1.486,53.563
-1.269,53.421
-1.437,53.562
-1.321,53.422
-1.416,53.769
-1.361,53.768
-1.549,53.780
-1.550,53.774
-1.601,53.781
-1.590,53.789
-1.561,53.783
-1.375,53.770
-1.573,53.769
-0.215,53.614
-0.069,53.570
-0.869,53.706
-1.026,53.689
0.033,53.723
-0.881,53.707
-0.864,53.724
-0.841,53.722
-0.095,53.569
-0.613,54.480
-0.130,53.571
-0.797,54.489
-0.628,54.487
-0.906,54.102
-0.629,54.149
-1.048,54.233
-0.436,54.294
-0.563,54.417
-0.371,53.753
-0.315,53.749
-0.411,53.755
-0.350,53.754
-0.256,53.757
-0.303,53.756
-0.397,53.760
-0.292,53.759
-0.383,53.747
-0.400,53.744
-1.464,53.436
-1.444,53.434
-1.472,53.463
-1.493,53.442
-1.576,53.475
-1.491,53.470
-1.261,53.340
-1.600,53.480
-1.538,53.432
-1.486,53.430
-1.778,53.770
-1.798,53.771
-1.709,53.775
-1.750,53.774
-1.787,53.778
-1.767,53.777
-1.758,53.781
-1.801,53.780
-1.766,53.767
-1.724,53.767
-0.074,53.560
-0.058,53.559
-0.117,53.563
-0.038,53.563
-0.170,53.572
-0.102,53.564
-0.051,53.569
-0.062,53.566
-0.133,53.555
-0.032,53.553
-1.741,53.892
-1.942,53.912
-1.752,53.913
-1.819,53.926
-1.880,53.942
-1.918,53.874
-1.875,53.877
-0.416,53.742
-0.413,53.731
-0.438,54.007
-0.423,54.008
-1.501,53.823
-1.551,53.824
-1.467,53.826
-1.612,53.829
-1.536,53.828
-1.564,53.832
-1.517,53.829
-1.682,53.823
-1.482,53.821
-1.748,53.825
-1.638,53.696
-1.776,53.822
-1.655,53.698
-1.840,53.829
-1.693,53.702
-1.948,53.830
-1.612,53.702
-1.783,53.833
-1.634,53.706
-1.760,53.830
-1.653,53.709
-1.799,53.837
-1.669,53.711
-1.729,53.833
-1.641,53.712
-1.727,53.823
-1.649,53.687
-1.713,53.818
-1.609,53.689
-1.146,53.501
-1.163,53.500
-1.019,53.502
-1.073,53.509
-1.082,53.504
-1.130,53.518
-1.149,53.511
-1.274,53.498
-1.292,53.497
-1.565,53.669
-1.485,53.668
-1.356,53.674
-1.516,53.671
-1.581,53.677
-1.532,53.674
-1.314,53.682
-1.384,53.685
-1.549,53.660
-1.427,53.657
-1.737,54.077
-1.476,54.023
-1.524,54.130
-1.396,54.092
-1.536,54.140
-1.459,54.141
-1.233,54.070
-1.644,54.178
-1.571,54.014
-1.463,54.010
-0.398,53.779
-1.118,53.956
-0.605,53.770
-1.054,53.957
-0.205,53.798
-1.036,53.957
-0.431,53.781
-1.081,53.958
-0.422,53.841
-1.128,53.963
-0.439,53.828
-1.150,53.980
-0.421,53.847
-1.073,53.969
-0.806,53.843
-1.088,53.973
-0.417,53.779
-1.133,53.947
-0.715,53.759
-1.100,53.954
-1.346,53.348
-1.431,53.351
-1.515,53.350
-1.418,53.357
-1.474,53.354
-1.488,53.359
-1.460,53.358
-0.359,53.787
-0.336,53.784
-0.381,53.787
-0.312,53.788
-0.339,53.801
-1.482,53.344
-0.328,53.791
-0.302,53.781
-0.376,53.780
-1.831,53.848
-1.951,53.848
-1.770,53.853
-1.929,53.854
-1.914,53.856
-1.826,53.857
-1.923,53.865
-1.901,53.870
-1.732,53.842
-1.765,53.846
-1.502,53.815
-1.519,53.816
-1.596,53.817
-1.621,53.817
-1.583,53.819
-1.445,53.820
-1.531,53.818
-1.466,53.813
-1.771,53.808
-1.798,53.665
-1.736,53.806
-1.696,53.674
-1.726,53.813
-1.759,53.672
-1.788,53.808
-1.631,53.677
-1.812,53.814
-1.665,53.680
-1.897,53.810
-1.756,53.680
-1.746,53.815
-1.703,53.684
-1.789,53.814
-1.689,53.686
-1.826,53.805
-1.774,53.663
-1.789,53.802
-1.625,53.662
-1.020,53.437
-1.110,53.435
-1.061,53.475
-1.077,53.474
-1.190,53.481
-1.239,53.480
-1.246,53.488
-1.182,53.495
-1.370,53.507
-1.342,53.497
-1.375,53.628
-1.411,53.621
-1.514,53.639
-1.469,53.644
-1.592,53.647
-1.530,53.644
-1.485,53.653
-1.333,53.644
-1.275,53.616
-1.352,53.611
-1.300,53.994
-1.511,53.988
-1.503,53.998
-1.544,53.995
-1.455,54.002
-1.528,54.000
-1.534,54.009
-1.559,54.004
-1.666,54.001
-1.538,53.984
-0.176,53.724
-0.432,53.728
-0.082,53.725
-1.128,53.916
-0.565,53.730
-1.053,53.942
-0.198,53.743
-1.126,53.938
-1.095,53.944
-0.435,53.753
-0.974,53.956
-0.452,53.752
-1.074,53.948
-0.500,53.730
-0.443,53.726
-1.492,53.332
-1.467,53.341
-1.352,53.333
-1.422,53.342
-1.335,53.340
-1.444,53.343
-1.373,53.343
-1.536,53.325
-1.486,53.324
-1.565,53.817
-1.447,53.377
-1.397,53.347
-0.408,54.242
-0.483,54.248
-0.403,54.274
-0.384,54.243
-0.413,54.282
-0.422,54.276
-0.402,54.286
-0.423,54.289
-0.298,54.207
-1.268,53.883
-1.621,53.850
-1.551,53.849
-1.525,53.854
-1.587,53.852
-1.620,53.858
-1.685,53.856
-1.554,53.859
-1.606,53.847
-1.508,53.845
-2.088,53.711
-1.164,54.474
-1.493,53.751
-1.272,53.435
-1.361,53.325
-1.090,53.504
-1.680,53.866
0.119,53.166
0.338,53.145
-0.113,53.207
0.333,53.157
0.020,53.229
0.330,53.222
-0.238,53.280
0.180,53.259
0.327,53.145
-0.184,53.110
-1.531,52.770
-1.903,53.322
-1.434,52.872
-1.164,52.673
-1.489,52.882
-1.447,52.875
-1.501,52.888
-1.426,52.887
-1.437,52.896
-1.455,52.894
-1.288,52.909
-1.374,52.909
-1.295,52.924
-1.095,52.667
-1.029,53.125
-1.324,52.958
-1.141,52.663
-0.756,53.145
-1.299,52.961
-0.865,53.168
-1.358,52.971
-1.080,53.185
-1.440,52.969
-1.102,52.578
-0.570,53.396
0.085,53.011
-0.778,53.403
-1.111,52.586
-0.334,53.388
-1.133,52.581
-0.720,53.451
-1.078,52.594
-0.325,53.500
-0.495,52.654
-0.483,52.659
-0.476,53.307
-0.038,52.981
-0.713,53.326
-0.022,52.978
-0.905,52.221
-0.880,52.240
-0.923,52.225
-0.888,52.243
-0.920,52.241
-0.901,52.245
-0.874,52.244
-0.938,52.225
-0.901,52.208
-1.251,52.985
-1.143,52.950
-1.150,52.941
-1.111,53.319
-1.082,53.038
-1.257,52.908
-1.165,53.084
-1.245,52.918
-1.231,52.919
-1.212,52.926
-1.204,52.919
-1.124,53.011
-1.121,53.004
-1.136,52.627
-1.131,52.633
-1.499,52.924
-1.213,52.965
-1.429,52.923
-1.188,52.966
-1.521,52.927
-1.172,52.967
-1.401,52.924
-1.162,52.970
-1.452,52.931
-1.126,52.970
-1.483,52.928
-1.147,52.972
-1.487,52.936
-1.227,52.974
-1.435,52.935
-1.202,52.976
-1.489,52.918
-1.161,52.960
-1.401,52.916
-1.131,52.963
-0.700,52.394
-0.720,52.386
-0.720,52.403
-0.733,52.397
-0.724,52.414
-0.710,52.407
-0.820,52.443
-0.799,52.422
-0.692,52.382
-0.693,52.364
-1.180,52.831
-1.069,52.600
-1.565,52.763
-1.411,53.223
-1.434,53.222
-1.436,53.236
-1.079,52.974
-1.460,53.226
-1.111,52.970
-1.465,53.247
-1.114,52.981
-1.453,53.238
-1.095,52.978
-1.369,53.252
-1.046,52.991
-1.435,53.249
-1.125,52.991
-1.138,53.002
-1.108,53.002
-1.701,53.307
-1.661,53.247
-1.094,52.965
-1.078,52.962
-1.198,52.648
-1.522,52.898
-1.231,52.949
-1.503,52.898
-1.127,52.952
-1.541,52.905
-1.166,52.954
-1.483,52.904
-1.205,52.957
-1.504,52.909
-1.178,52.958
-1.472,52.908
-1.237,52.959
-1.543,52.914
-1.111,52.959
-1.320,52.983
-1.483,52.910
-1.144,52.959
-1.485,52.897
-1.204,52.940
-1.422,52.896
-1.175,52.947
-1.189,52.675
-1.123,52.680
-1.092,52.676
-1.069,52.695
-1.128,52.681
-1.194,52.708
-1.086,52.696
-0.881,52.596
-1.002,52.544
0.092,52.804
0.014,52.804
-0.303,52.982
-0.181,52.879
-0.409,52.998
-0.425,52.994
-0.445,53.047
-0.421,53.023
-0.058,52.798
-0.168,52.810
-0.750,52.268
-0.667,52.258
-0.826,52.264
-0.908,52.263
-0.815,52.270
-0.855,52.266
-0.908,52.272
-0.836,52.271
-0.893,52.274
-0.863,52.272
-0.894,52.261
-0.852,52.256
-1.563,52.772
-1.556,52.784
-1.576,52.782
-1.550,52.838
-1.432,52.825
-1.506,52.874
-1.389,52.863
-1.591,52.745
-1.727,53.012
-1.738,52.947
-1.574,53.081
-1.692,53.046
-1.113,53.302
-1.555,53.145
-1.125,53.300
-1.556,53.132
-0.951,53.311
-1.685,53.206
-1.597,53.167
-0.935,53.321
-1.143,53.322
-1.128,53.326
-1.310,52.990
-1.158,53.006
-1.161,53.014
-0.884,53.249
-1.208,52.458
-1.281,52.684
-0.921,52.480
-0.912,52.474
-1.186,52.489
-0.932,52.481
-1.222,52.528
-1.042,52.530
-1.223,52.659
-1.239,52.649
-0.607,53.009
-0.703,52.948
-0.163,52.679
0.163,52.774
-0.168,52.781
-0.159,52.791
-0.139,52.788
-0.630,52.921
-0.657,52.918
-1.169,52.252
-1.080,52.234
-1.163,52.273
-1.170,52.261
-1.049,52.314
-0.854,52.291
-0.906,52.328
-1.185,52.326
-1.216,52.174
-0.513,52.566
-0.906,52.958
-0.959,52.951
-0.848,53.059
-1.001,53.012
-0.817,53.063
-0.784,53.057
-0.957,53.080
-0.798,53.071
-1.032,52.949
-1.120,52.935
-0.552,52.633
-0.723,52.590
-0.745,52.675
-0.728,52.671
-1.152,52.589
-0.645,52.713
-1.153,52.600
-1.135,52.598
-1.222,53.277
-1.215,53.264
-1.495,52.984
-1.269,53.278
-1.175,53.009
-1.242,52.939
-1.198,53.007
-1.271,52.938
-1.426,53.006
-1.362,53.016
-1.343,53.013
-1.289,53.010
-1.253,53.000
-1.299,53.022
-1.307,53.015
-1.298,53.235
-1.286,53.224
-1.359,53.306
-1.220,52.934
-1.271,52.927
-1.202,52.775
-1.218,52.774
-1.282,52.544
-1.242,52.784
-1.219,52.557
-1.144,52.555
-1.162,52.572
-1.177,52.567
-1.243,52.774
-1.298,52.770
-0.549,53.231
-0.541,53.221
-0.541,53.240
-0.540,53.251
-0.509,53.247
0.230,53.104
-0.015,53.078
-0.608,53.217
-0.555,53.217
-0.593,52.290
-0.616,52.325
-0.595,52.310
-0.561,52.363
-0.539,52.344
-0.469,52.483
-0.535,52.399
-0.598,52.281
-0.731,52.444
-1.424,53.310
-1.916,53.247
-1.151,52.894
-1.317,53.321
-1.086,52.881
-1.912,53.260
-1.036,52.907
-1.901,53.256
-0.981,52.909
-1.981,53.326
-1.148,52.918
-1.120,52.917
-1.132,52.929
-1.109,52.925
-1.465,53.304
-1.500,53.301
-1.087,52.874
-1.189,52.983
-1.146,52.981
-1.148,52.990
-1.177,52.989
-1.208,52.997
-1.165,52.995
-1.188,52.999
-1.344,53.268
-1.389,53.264
-1.327,53.096
-1.213,52.980
-1.256,53.103
-1.420,53.270
-1.165,52.979
-1.260,53.100
-1.344,53.139
-1.278,53.122
-1.341,53.105
-1.236,53.103
-1.222,53.207
-1.249,53.129
-1.218,53.201
-1.265,53.125
-1.255,53.136
-1.299,53.127
-1.040,52.634
-1.124,52.605
-1.445,53.258
-1.403,53.255
-1.054,52.642
-1.253,53.080
-1.300,53.073
-1.107,52.593
-1.190,52.641
-1.170,52.744
-1.104,52.732
-1.222,52.754
-1.144,52.752
-1.100,52.770
-1.204,52.759
-1.287,52.768
-1.235,52.766
-1.141,52.720
-1.052,52.711
-0.441,53.241
-0.655,53.271
-0.481,53.266
-0.539,53.178
-0.412,53.154
-0.648,53.176
-0.564,53.196
-0.483,53.210
-0.596,53.214
-0.565,53.207
-0.533,53.104
-0.318,53.087
-1.075,52.090
-1.270,52.078
-0.987,52.126
-1.019,52.143
-0.892,52.168
-0.796,52.216
-1.004,52.214
-0.881,52.203
-1.151,52.038
-0.888,52.057
-1.409,53.165
-1.404,53.129
-1.429,53.192
-1.389,53.176
-1.460,53.213
-1.382,53.190
-1.475,53.297
-1.382,53.233
-1.678,52.873
-1.629,52.870
-1.167,52.635
-1.099,52.632
-1.116,52.636
-1.085,52.635
-1.151,52.639
-1.107,52.639
-1.112,52.630
-0.841,53.400
-1.152,52.629
-0.985,53.383
-1.219,53.027
-1.063,53.419
-1.204,53.037
-1.227,53.034
-1.321,53.059
-1.381,53.097
-1.121,53.361
-0.953,53.330
0.008,53.371
-0.001,53.366
-0.046,53.492
0.097,53.427
-0.157,52.945
-0.057,52.930
-0.006,52.974
0.254,53.343
0.279,53.312
-1.498,52.946
-1.486,52.954
-1.451,52.941
-1.428,52.945
-0.697,52.487
-0.698,52.302
-0.716,52.481
-0.725,52.302
-0.675,52.492
-0.683,52.304
-0.724,52.491
-0.714,52.312
-0.702,52.504
-0.694,52.315
-0.709,52.500
-0.656,52.339
-1.236,52.021
-1.152,52.030
-0.702,52.290
-1.022,52.411
-0.713,52.301
-1.179,52.898
-1.177,52.908
-1.191,52.902
-1.164,52.918
-0.593,53.181
-0.588,53.190
-0.042,52.969
-0.730,52.469
-0.707,52.472
-1.117,52.616
-1.140,52.610
-1.166,52.624
-1.154,52.620
-1.185,52.625
-1.103,52.623
-1.068,52.628
-1.389,53.041
-1.466,53.031
-1.416,53.048
-1.106,52.607
-1.205,53.145
-1.943,52.264
-1.921,52.287
-1.938,52.284
-2.198,52.203
-2.244,52.200
-2.096,52.585
-2.186,52.582
-2.135,52.594
-2.148,52.590
-2.178,52.597
-2.105,52.596
-2.071,52.600
-2.145,52.599
-2.141,52.579
-2.164,52.578
-1.921,52.436
-1.972,52.435
-1.836,52.437
-1.948,52.438
-1.932,52.443
-1.853,52.441
-1.996,52.445
-1.967,52.445
-2.230,52.453
-2.711,52.059
-2.734,52.058
-2.198,52.594
-2.739,52.069
-2.212,52.596
-2.701,52.064
-2.196,52.626
-2.009,52.435
-2.662,52.093
-2.184,52.627
-1.823,52.435
-2.377,52.090
-2.059,52.629
-3.016,52.193
-2.796,52.094
-2.174,52.943
-2.095,52.957
-2.687,52.054
-2.717,52.041
-1.892,52.488
-1.847,52.489
-1.848,52.495
-1.910,52.495
-1.768,52.497
-1.931,52.496
-1.827,52.495
-1.789,52.498
-1.859,52.487
-1.942,52.487
-2.120,52.523
-1.752,52.479
-2.135,52.521
-1.739,52.481
-2.109,52.531
-1.753,52.491
-2.090,52.522
-1.746,52.498
-2.131,52.542
-1.764,52.505
-2.095,52.539
-1.752,52.507
-2.079,52.546
-1.779,52.507
-2.118,52.545
-2.073,52.468
-2.109,52.517
-1.746,52.468
-2.067,52.509
-1.730,52.477
-2.172,53.113
-2.180,53.108
-2.011,53.113
-2.148,53.121
-2.256,52.785
-2.109,52.785
-2.129,52.789
-2.077,52.788
-2.030,53.105
-2.036,53.091
-1.612,52.620
-1.628,52.587
-2.068,52.334
-2.047,52.330
-1.962,52.352
-2.062,52.344
-2.056,52.365
-2.042,52.355
-1.877,52.384
-2.000,52.367
-2.290,52.328
-2.068,52.323
-2.065,52.316
-2.173,52.568
-2.101,52.568
-2.152,52.570
-2.067,52.569
-2.067,52.578
-2.083,52.577
-2.134,52.564
-2.161,52.560
-1.898,52.424
-1.872,52.424
-1.840,52.427
-1.969,52.425
-1.986,52.430
-1.911,52.429
-1.890,52.434
-1.859,52.430
-2.104,52.812
-2.000,52.805
-2.132,52.821
-2.129,52.829
-2.251,52.864
-1.928,52.424
-2.130,52.892
-1.953,52.423
-2.149,52.903
-1.951,52.766
-1.944,52.762
-2.087,52.807
-1.853,52.533
-1.790,52.532
-1.837,52.538
-1.905,52.537
-1.922,52.541
-1.888,52.540
-1.868,52.542
-1.823,52.541
-2.971,52.824
-3.078,52.811
-3.040,52.860
-3.059,52.857
-2.657,52.795
-1.877,52.530
-3.038,52.908
-1.839,52.530
-2.499,52.856
-2.801,52.829
-2.129,52.493
-2.077,52.490
-1.780,52.422
-2.075,52.501
-1.764,52.428
-2.146,52.497
-1.801,52.430
-2.113,52.504
-1.811,52.436
-2.179,52.503
-1.792,52.442
-2.096,52.510
-1.775,52.446
-2.839,52.735
-2.167,52.505
-1.797,52.451
-2.740,52.735
-2.167,52.490
-1.794,52.413
-2.087,52.485
-1.819,52.413
-1.984,52.961
-1.987,52.986
-2.057,52.969
-2.092,53.026
-1.968,53.003
-1.904,53.075
-2.122,53.075
-1.700,52.638
-1.656,52.633
-1.578,52.294
-1.548,52.292
-1.516,52.301
-1.530,52.299
-1.695,52.327
-1.503,52.312
-1.563,52.349
-1.577,52.337
-1.522,52.284
-1.594,52.282
-1.504,52.532
-1.444,52.528
-1.585,52.499
-1.458,52.535
-1.532,52.542
-1.714,52.505
-1.543,52.576
-1.685,52.564
-1.520,52.527
-1.476,52.524
-2.306,52.116
-2.213,52.133
-2.257,52.141
-2.332,52.128
-2.312,52.182
-2.317,52.129
-2.539,52.305
-2.313,52.266
-2.306,52.105
-2.326,52.104
-2.176,53.013
-2.127,53.012
-2.142,53.021
-2.186,53.019
-2.139,53.034
-2.166,53.031
-2.158,53.037
-2.183,53.037
-1.975,52.564
-2.046,52.562
-1.948,52.571
-2.040,52.571
-2.028,52.571
-1.986,52.573
-2.003,52.574
-2.205,53.010
-2.189,53.000
-1.909,52.558
-1.997,52.458
-1.532,52.405
-2.119,52.626
-1.777,52.456
-1.581,52.406
-1.825,52.461
-1.493,52.406
-1.925,52.459
-1.474,52.407
-1.805,52.460
-1.549,52.409
-1.869,52.460
-1.594,52.414
-1.905,52.462
-1.495,52.414
-1.954,52.460
-1.572,52.415
-1.851,52.474
-1.859,52.449
-1.864,52.456
-1.566,52.403
-1.878,52.456
-1.517,52.405
-1.862,52.517
-1.846,52.515
-1.827,52.519
-1.788,52.519
-1.859,52.526
-1.917,52.530
-1.813,52.524
-2.744,52.699
-2.766,52.695
-2.795,52.710
-2.729,52.699
-2.726,52.715
-1.925,52.514
-2.756,52.710
-1.894,52.512
-2.721,52.732
-2.747,52.718
-2.768,52.674
-2.886,52.650
-1.616,52.278
-1.526,52.267
-1.565,52.281
-1.531,52.279
-2.218,53.025
-2.159,52.984
-2.243,53.016
-2.145,52.983
-2.251,53.038
-2.099,52.991
-2.219,53.034
-2.118,52.990
-2.297,53.050
-2.130,52.995
-2.235,53.038
-2.202,52.992
-2.256,53.082
-2.164,52.998
-2.254,53.052
-2.140,52.998
-2.093,52.610
-2.159,52.608
-2.134,52.613
-2.115,52.612
-2.100,52.616
-2.060,52.616
-2.135,52.624
-2.224,53.014
-2.097,52.981
-2.154,52.621
-2.278,53.010
-2.127,52.980
-2.067,52.607
-1.837,52.448
-1.509,52.382
-2.112,52.604
-1.465,52.386
-1.897,52.453
-1.484,52.389
-1.817,52.450
-1.505,52.393
-1.578,52.394
-1.950,52.451
-1.459,52.393
-1.887,52.456
-1.532,52.398
-1.980,52.455
-1.447,52.402
-1.887,52.447
-1.548,52.371
-1.874,52.446
-1.525,52.382
-2.000,52.495
-2.060,52.493
-2.045,52.504
-1.980,52.499
-1.987,52.512
-2.044,52.513
-2.014,52.521
-2.003,52.517
-1.957,52.489
-2.031,52.489
-1.846,52.598
-1.834,52.590
-1.815,52.588
-2.373,52.670
-2.284,52.637
-1.898,52.270
-1.386,52.254
-1.848,52.329
-1.773,52.287
-1.281,52.359
-1.314,52.334
-1.264,52.362
-1.223,52.361
-1.428,52.226
-1.870,52.219
-2.097,52.041
-2.224,52.412
-1.944,52.081
-1.878,52.044
-1.960,52.087
-1.933,52.088
-1.910,52.107
-1.945,52.094
-2.264,52.399
-2.232,52.395
-2.201,52.692
-2.462,52.654
-2.027,52.663
-2.443,52.651
-2.110,52.723
-2.462,52.669
-2.041,52.708
-2.435,52.664
-2.423,52.691
-2.377,52.925
-2.475,52.676
-2.341,53.004
-2.439,52.696
-2.226,52.997
-2.462,52.693
-2.001,52.606
-1.982,52.599
-1.920,52.609
-1.954,52.608
-1.985,52.609
-2.038,52.609
-2.043,52.616
-2.018,52.655
-2.468,52.639
-1.993,52.615
-2.110,52.651
-2.456,52.635
-2.034,52.600
-2.045,52.600
-1.974,52.477
-2.065,52.474
-1.997,52.481
-2.042,52.478
-2.012,52.486
-1.985,52.485
-1.971,52.489
-2.043,52.486
-1.993,52.471
-2.006,52.469
-1.854,52.549
-1.878,52.547
-1.892,52.556
-1.824,52.555
-1.806,52.558
-1.879,52.558
-1.828,52.572
-1.795,52.565
-2.624,52.924
-2.899,52.908
-2.399,52.454
-2.684,52.968
-2.412,52.533
-2.340,52.540
-1.792,52.544
-2.487,52.608
-1.898,52.545
-2.432,52.537
-2.494,52.903
-2.723,52.857
-1.505,52.157
-1.673,52.120
-1.720,52.189
-1.856,52.167
-1.716,52.201
-1.689,52.187
-1.805,52.213
-1.597,52.196
-1.625,52.060
-1.582,52.350
-2.235,52.370
-2.332,52.373
-2.263,52.381
-2.269,52.371
-2.274,52.389
-2.229,52.386
-2.244,52.393
-2.307,52.381
-2.286,52.350
-2.273,52.341
-2.088,52.396
-2.144,52.420
-1.879,52.390
-2.024,52.393
-1.500,52.433
-1.564,52.430
-1.460,52.435
-1.446,52.433
-1.489,52.438
-1.528,52.438
-1.476,52.438
-1.874,52.742
-2.191,53.058
-1.763,52.724
-2.140,53.054
-1.626,52.787
-2.163,53.063
-1.724,52.762
-2.211,53.061
-1.611,52.797
-1.515,52.430
-2.216,53.072
-1.661,52.791
-1.523,52.426
-2.183,53.066
-1.602,52.807
-2.440,52.631
-1.642,52.798
-2.196,53.079
-1.886,52.581
-2.056,52.589
-2.002,52.587
-2.025,52.591
-1.971,52.591
-2.008,52.598
-1.908,52.686
-2.171,53.048
-1.920,52.597
-1.830,52.689
-2.200,53.045
-1.966,52.581
-1.979,52.579
-1.991,52.552
-2.023,52.553
-1.965,52.557
-2.001,52.556
-2.075,52.442
-2.016,52.562
-2.153,52.444
-2.122,52.442
-1.937,52.551
-2.060,52.546
-1.956,52.479
-1.506,52.462
-1.845,52.482
-1.844,52.418
-1.772,52.482
-1.807,52.483
-1.507,52.445
-1.827,52.485
-1.793,52.486
-1.840,52.473
-1.790,52.475
-1.836,52.410
-1.933,52.524
-2.208,52.180
-2.206,52.170
-2.212,52.188
-2.239,52.181
-2.246,52.191
-2.196,52.192
-2.223,52.199
-2.177,52.198
-2.179,52.312
-2.166,52.273
-1.447,52.415
-1.517,52.417
-1.462,52.416
-1.495,52.424
-1.480,52.422
-1.465,52.426
-1.532,52.426
-1.861,52.621
-2.582,51.915
-1.722,52.617
-2.592,51.898
-2.961,52.028
-1.925,52.675
-2.735,51.990
-1.475,52.416
-2.571,52.039
-1.752,52.676
-1.558,52.415
-2.429,52.037
-1.811,52.685
-2.750,52.042
-1.938,52.686
-2.732,52.041
-1.743,52.389
-1.791,52.389
-1.783,52.400
-1.651,52.390
-1.809,52.403
-2.102,52.551
-1.831,52.401
-2.064,52.554
-2.219,53.092
-2.375,52.774
-2.111,52.557
-1.856,52.406
-2.234,53.091
-2.420,52.774
-1.757,52.377
-1.831,52.383
-2.061,52.538
-2.065,52.527
-1.948,52.539
-2.013,52.539
-1.996,52.539
-1.936,52.540
-2.045,52.541
-2.043,52.527
-1.876,52.466
-1.994,52.527
-1.853,52.468
-1.776,52.467
-1.919,52.475
-1.897,52.473
-1.809,52.471
-1.906,52.471
-1.824,52.471
-2.123,52.573
-1.941,52.473
-1.976,52.543
-1.971,52.463
-1.795,52.466
-1.905,52.481
-1.918,52.481
-1.473,52.482
-1.481,52.485
-1.435,52.508
-1.450,52.509
-1.467,52.512
-1.487,52.513
-1.513,52.519
-1.493,52.521
-1.468,52.474
-1.427,52.479
-2.167,52.152
-2.029,52.117
-2.107,52.209
-1.980,52.210
-2.153,52.254
-2.200,52.234
-2.142,52.265
-2.158,52.263
-1.856,52.111
-2.081,52.112
-1.964,52.411
-1.897,52.407
-1.906,52.415
-1.987,52.413
-1.942,52.416
-1.883,52.416
-1.861,52.416
-1.985,52.695
-2.485,52.705
-2.000,52.692
-2.544,52.711
-2.028,52.704
-2.501,52.711
-2.013,52.703
-2.455,52.710
-2.005,52.715
-1.877,52.407
-2.436,52.716
-1.970,52.707
-1.922,52.406
-2.528,52.713
-1.930,52.749
-2.379,52.766
-2.014,52.720
-2.422,52.723
-1.917,52.623
-2.010,52.622
-1.970,52.624
-1.993,52.624
-1.971,52.633
-1.927,52.633
-1.942,52.648
-2.036,52.691
-2.505,52.697
-1.926,52.650
-2.032,52.683
-2.524,52.698
-2.019,52.622
-1.954,52.618
-2.120,52.470
-2.135,52.467
-2.101,52.474
-2.032,52.470
-2.146,52.476
-2.167,52.475
-2.158,52.484
-2.126,52.482
-2.165,52.465
-2.024,52.464
-1.666,52.605
-1.650,52.612
-1.684,52.606
-1.679,52.621
-1.659,52.620
-1.672,52.632
-1.690,52.625
-1.275,52.372
-1.249,52.375
-1.409,52.381
-1.264,52.379
-1.244,52.391
-1.312,52.427
-1.502,52.473
-1.243,52.365
-1.299,52.366
-1.942,52.299
-1.915,52.298
-1.932,52.307
-1.892,52.304
-1.906,52.314
-1.962,52.310
-2.245,52.048
-1.913,52.318
-1.967,52.297
-1.893,52.294
-2.007,52.393
-1.969,52.392
-1.935,52.397
-1.995,52.394
-1.961,52.402
-1.945,52.401
-1.980,52.404
-2.018,52.403
-1.817,52.832
-2.748,52.229
-1.646,52.822
-2.741,52.224
-1.663,52.844
-1.628,52.833
-2.798,52.313
-2.180,52.966
-1.882,52.906
-1.483,52.451
-2.099,52.967
-1.868,52.897
-1.520,52.447
-2.159,52.971
-1.969,52.672
-2.112,52.974
-1.848,52.954
-2.195,52.974
-1.634,52.819
-1.646,52.810
-2.512,52.188
-1.912,52.503
-1.896,52.502
-1.806,52.505
-1.933,52.505
-1.951,52.507
-1.887,52.507
-1.941,52.512
-1.909,52.511
-2.564,52.365
-2.967,52.424
-2.709,52.371
-2.802,52.537
-1.810,52.498
-2.768,52.437
-1.872,52.495
-2.701,52.620
-2.993,52.556
-2.112,52.451
-2.166,52.450
-2.153,52.456
-2.021,52.453
-2.083,52.458
-2.061,52.456
-2.140,52.461
-2.101,52.461
-2.056,52.447
-2.134,52.447
-2.200,52.533
-2.192,52.533
-2.117,52.813
-2.134,52.797
-1.661,52.429
-1.700,52.647
-1.890,52.574
-2.235,52.990
-2.043,52.584
-1.539,52.419
-1.915,52.678
-1.835,52.680
-2.797,52.225
-0.256,52.593
-0.286,52.589
-0.237,52.597
-0.269,52.609
-0.239,52.605
-0.436,52.610
-0.185,52.609
-0.243,52.589
1.042,51.981
-0.218,52.586
1.181,51.980
0.752,52.030
0.874,52.008
0.775,52.056
0.733,52.042
0.959,52.047
1.106,52.040
0.624,52.444
0.527,52.412
0.100,51.669
0.081,51.655
0.013,51.684
0.003,51.686
0.113,51.694
0.021,51.689
0.243,51.708
0.112,51.704
0.065,51.653
0.069,51.642
0.649,52.236
1.489,52.215
1.341,52.221
0.229,52.608
0.380,52.604
0.458,52.690
0.355,52.685
0.548,52.744
0.210,52.696
0.436,52.753
0.398,52.749
0.443,52.587
0.524,52.491
0.919,51.944
1.131,51.798
0.919,51.914
1.161,51.798
0.614,51.640
1.140,51.805
0.527,51.625
1.189,51.804
0.457,51.659
1.026,51.811
0.612,51.648
1.161,51.812
0.583,51.707
1.034,51.845
0.473,51.700
1.239,51.842
0.845,51.912
1.141,51.789
0.895,51.909
1.152,51.793
0.563,51.871
0.588,51.870
0.558,51.879
0.529,51.873
0.573,51.889
0.549,51.887
0.479,51.946
0.688,51.932
0.534,51.861
0.700,51.852
-0.283,52.437
-0.083,52.407
-0.296,52.492
-0.112,52.451
0.049,52.454
-0.254,52.519
0.081,52.546
0.083,52.503
-0.017,52.382
0.008,52.352
0.322,51.474
0.366,51.464
0.253,51.482
0.327,51.479
1.215,52.048
1.261,52.061
1.233,52.061
1.307,52.094
1.418,52.108
1.244,52.111
1.335,52.116
1.580,52.203
1.360,51.970
1.321,51.981
1.427,52.872
1.036,52.853
1.311,52.908
1.209,52.878
1.302,52.927
1.097,52.908
1.210,52.939
0.929,52.936
0.829,52.838
1.390,52.822
0.912,51.883
0.840,51.884
0.271,51.871
0.858,51.888
0.198,51.907
0.775,51.883
0.341,51.962
0.900,51.893
0.194,51.986
0.937,51.888
0.246,52.019
0.247,52.030
1.111,51.783
0.886,51.882
0.221,51.821
0.860,51.879
0.415,51.861
0.428,51.628
0.414,51.621
0.432,51.641
0.410,51.637
0.527,51.616
0.509,51.610
0.137,52.202
0.149,52.199
0.161,52.213
0.116,52.203
0.129,52.217
0.110,52.214
0.117,52.223
0.145,52.220
0.150,52.191
0.174,52.189
-0.426,51.623
-0.393,51.622
-0.502,51.631
-0.380,51.627
-0.488,51.640
-0.400,51.632
-0.523,51.652
-0.444,51.649
-0.402,51.695
-0.400,51.688
1.306,52.626
1.313,52.632
-0.120,51.830
0.065,51.826
0.148,51.856
0.293,51.485
0.153,51.863
0.017,51.885
0.175,51.871
0.162,51.876
0.135,51.872
-0.024,51.815
0.147,51.812
-0.296,52.639
-0.275,52.625
-0.252,52.615
1.718,52.580
1.727,52.571
1.720,52.602
1.700,52.584
1.729,52.612
1.732,52.602
1.722,52.652
1.732,52.622
1.715,52.569
1.660,52.568
0.501,51.574
0.414,51.575
0.513,51.580
0.482,51.579
0.434,51.608
0.432,51.584
0.542,51.608
0.525,51.604
0.469,51.573
0.430,51.572
0.181,52.360
0.335,52.337
0.266,52.406
0.255,52.397
0.303,52.457
0.128,52.394
0.124,52.187
0.148,52.182
0.402,52.317
-0.338,51.740
-0.300,51.724
-0.221,51.914
-0.191,51.910
0.758,52.262
0.746,52.247
0.801,52.319
0.699,52.260
1.112,52.105
0.887,52.334
1.007,52.187
1.037,52.134
0.710,52.248
0.691,52.242
0.449,51.527
0.454,51.531
0.776,51.533
0.744,51.534
0.702,51.538
0.725,51.538
0.791,51.538
0.682,51.541
0.382,51.517
0.438,51.521
1.239,51.927
0.997,51.894
1.258,51.935
1.065,51.941
0.801,51.554
1.281,51.938
0.610,51.585
1.219,52.685
1.388,52.666
1.320,52.688
1.203,52.685
1.265,51.847
1.348,52.730
1.142,51.842
1.241,52.705
1.251,52.792
1.116,52.763
1.306,52.665
1.257,52.667
0.506,51.719
0.470,51.723
0.423,51.729
0.471,51.733
0.456,51.736
0.499,51.736
0.497,51.747
0.459,51.749
0.475,51.716
0.491,51.717
-0.062,52.080
0.022,52.084
0.159,52.097
0.291,52.101
0.133,52.230
-0.433,52.139
-0.460,52.137
-0.455,52.143
-0.474,52.143
-0.428,52.149
-0.529,52.144
-0.460,52.159
-0.441,52.154
-0.486,52.134
-0.452,52.125
-0.422,51.708
-0.409,51.699
-0.183,51.882
-0.169,51.880
-0.163,51.895
-0.175,51.893
-0.169,51.905
-0.192,51.901
-0.446,51.666
-0.486,51.652
-0.497,51.761
-0.580,51.762
-0.565,51.765
-0.484,51.763
-0.457,51.774
-0.462,51.764
-0.439,51.778
-0.585,51.773
-0.447,51.758
-0.562,51.757
1.137,52.075
1.120,52.071
1.136,52.083
0.497,52.301
0.395,52.256
0.488,52.368
0.515,52.348
1.184,52.067
1.161,52.065
0.106,51.772
0.084,51.773
0.137,51.784
0.120,51.775
0.078,51.619
0.086,51.609
0.050,51.641
0.042,51.627
1.435,52.624
1.551,52.621
1.344,52.637
1.361,52.635
0.142,51.764
1.328,52.654
0.111,51.760
1.466,52.638
1.270,52.661
1.317,52.659
1.692,52.692
1.628,52.696
-0.427,51.966
-0.541,51.943
-0.444,52.105
-0.529,52.096
-0.486,52.120
-0.496,52.112
-0.467,52.124
-0.496,52.124
-0.646,51.923
-0.658,51.921
-0.353,51.815
-0.295,51.811
-0.369,51.826
-0.341,51.821
-0.306,51.932
-0.220,51.856
-0.287,51.952
-0.264,51.945
-0.340,51.804
-0.401,51.799
-0.530,51.721
-0.452,51.715
-0.464,51.744
-0.451,51.739
-0.436,51.748
-0.483,51.746
-0.463,51.753
-0.501,51.751
-0.018,51.947
-0.110,51.897
1.721,52.472
1.706,52.467
1.723,52.489
1.747,52.480
1.736,52.504
1.738,52.492
1.334,51.968
1.349,51.961
1.742,52.466
1.725,52.462
-0.491,51.901
-0.432,51.896
-0.419,51.904
-0.385,51.901
-0.471,51.907
-0.445,51.905
-0.456,51.917
-0.429,51.914
-0.459,51.896
1.150,52.045
-0.404,51.894
1.117,52.044
1.132,52.053
1.174,52.049
1.187,52.055
1.200,52.054
1.138,52.064
1.169,52.056
1.192,52.039
1.130,52.038
0.684,51.774
0.692,51.742
0.083,51.748
0.802,51.769
0.073,51.756
0.103,51.750
0.093,51.758
0.128,51.758
0.892,52.678
1.329,52.640
0.939,52.670
1.300,52.642
0.799,52.725
1.278,52.647
0.943,52.685
1.291,52.654
0.680,51.729
1.504,52.722
0.676,51.722
0.986,52.732
1.522,52.774
1.412,52.782
0.855,52.834
1.024,52.659
1.251,52.636
0.689,52.645
1.225,52.638
0.353,51.633
0.294,51.629
0.296,51.670
0.378,51.668
0.636,51.796
0.601,51.777
0.635,51.813
0.623,51.803
0.331,51.629
0.282,51.625
-0.169,52.315
-0.372,52.313
-0.195,52.335
-0.072,52.329
-0.235,52.328
-0.078,52.339
-0.176,52.344
-0.164,52.342
-0.096,52.315
-0.251,52.291
-0.448,52.036
-0.553,52.059
-0.609,52.067
-0.308,52.103
1.550,52.502
-0.262,52.088
1.208,52.490
-0.292,52.129
1.459,52.552
-0.216,52.128
1.237,52.553
1.346,52.569
1.125,52.573
1.019,52.577
1.111,52.577
-0.267,52.024
-0.338,52.035
1.383,52.470
1.297,52.404
-0.304,51.752
-0.354,51.746
-0.319,51.753
-0.334,51.751
-0.342,51.763
-0.321,51.761
-0.306,51.767
-0.289,51.746
-0.313,51.742
-0.022,51.746
-0.024,51.727
-0.004,51.769
-0.014,51.761
-0.011,51.775
-0.060,51.719
-0.084,51.714
1.506,52.344
1.444,52.448
1.667,52.341
1.587,52.448
1.718,52.444
1.698,52.455
1.568,52.452
-0.436,51.882
-0.432,51.874
-0.428,51.887
-0.413,51.884
-0.442,51.890
-0.395,51.887
-0.478,51.894
-0.375,51.890
-0.416,51.873
0.651,51.570
0.843,52.117
0.672,52.104
0.719,52.073
0.920,51.780
0.170,51.729
0.850,51.835
0.747,51.813
0.958,51.865
0.905,51.865
0.876,51.869
0.923,51.871
0.938,52.434
1.216,52.650
0.739,52.420
1.296,52.611
0.650,52.513
1.262,52.613
1.035,52.482
1.285,52.622
0.020,51.740
0.874,52.551
0.328,52.278
-0.538,51.889
-0.526,51.886
-0.518,51.904
-0.497,51.891
-0.509,51.911
-0.645,51.911
-0.675,51.918
-0.686,51.918
-0.506,51.880
-0.514,51.876
-0.394,51.657
-0.406,51.652
-0.410,51.670
-0.416,51.661
-0.387,51.673
-0.398,51.672
-0.383,51.684
-0.406,51.679
-0.415,51.647
-0.386,51.643
0.400,52.245
0.433,52.222
-0.205,51.697
-0.188,51.697
-0.007,51.787
-0.078,51.794
-0.053,51.799
-0.101,51.801
-0.083,51.805
-0.038,51.815
-0.286,51.694
-0.172,51.693
0.897,52.222
1.143,52.204
0.865,52.252
1.027,52.229
1.002,52.329
1.288,52.314
1.181,52.035
1.148,52.324
0.991,52.181
0.975,52.190
0.746,51.545
0.636,51.548
0.688,51.548
0.728,51.548
0.665,51.553
0.691,51.555
0.650,51.559
0.691,51.563
0.659,51.544
0.709,51.545
0.709,51.588
0.610,51.596
0.691,51.602
0.660,51.602
0.816,51.632
0.615,51.622
0.831,51.667
0.732,51.675
0.433,52.770
0.407,52.764
0.505,52.843
0.438,52.783
0.592,51.595
0.682,52.900
0.701,51.586
0.493,52.901
1.701,52.571
0.492,52.938
0.308,52.758
0.419,52.755
0.442,51.751
0.477,51.803
0.606,51.517
0.583,51.518
0.571,51.524
0.605,51.525
0.583,51.529
0.533,51.755
0.493,51.754
-0.174,52.154
0.140,52.151
0.207,52.187
0.005,52.201
0.084,52.228
0.161,52.242
0.110,52.248
0.172,52.125
0.083,52.140
-0.564,51.871
-0.453,51.862
-0.175,51.918
-0.164,51.914
-0.181,51.924
-0.201,51.917
-0.346,51.719
-0.367,51.712
1.250,52.624
1.011,52.515
1.274,52.627
0.815,52.612
0.829,52.570
1.287,52.634
-0.292,52.137
0.761,52.419
1.176,52.600
0.738,52.408
1.200,52.618
0.572,51.561
0.616,51.558
0.590,51.570
0.552,51.565
0.341,51.605
0.556,51.573
0.298,51.615
0.310,51.609
0.601,51.556
0.556,51.553
0.124,52.287
0.042,52.282
-0.292,52.219
0.052,52.312
-0.284,52.228
-0.264,52.218
-0.243,52.237
-0.262,52.231
0.190,52.270
0.020,52.250
-0.494,52.249
-0.596,52.192
-0.502,52.002
-0.478,51.986
-0.232,52.014
-0.493,52.007
-0.493,52.027
-0.311,52.013
1.169,52.400
1.108,52.378
-0.505,52.169
-0.388,52.163
-0.179,51.791
-0.268,51.651
-0.195,51.795
-0.361,51.647
-0.215,51.797
-0.257,51.656
-0.169,51.799
-0.292,51.649
-0.187,51.811
-0.285,51.663
-0.205,51.814
-0.376,51.661
-0.219,51.823
-0.321,51.684
-0.189,51.843
-0.276,51.668
-0.241,51.764
-0.345,51.639
-0.198,51.786
-0.022,52.057
-0.460,51.833
-0.672,51.794
-0.033,51.695
-0.030,51.686
-0.033,51.704
-0.052,51.703
-0.033,51.713
-0.059,51.712
-0.663,51.800
-0.648,51.797
-0.276,52.591
0.359,51.873
0.469,51.757
0.623,51.580
-0.250,52.083
-0.303,51.772
0.252,51.717
-0.396,51.535
-0.370,51.534
-0.328,51.537
-0.312,51.540
-0.347,51.538
-0.371,51.551
-0.363,51.548
-0.292,51.529
-0.352,51.528
-0.339,51.606
-0.292,51.612
-0.323,51.613
-0.109,51.572
-0.310,51.619
-0.119,51.577
-0.141,51.573
-0.363,51.607
-0.279,51.604
0.065,51.513
0.017,51.512
0.024,51.519
0.040,51.516
-0.351,51.463
-0.331,51.461
-0.377,51.469
-0.365,51.465
-0.349,51.472
-0.392,51.471
-0.435,51.451
-0.401,51.450
0.057,51.529
0.018,51.534
0.032,51.532
0.043,51.534
0.008,51.534
0.029,51.538
0.051,51.534
0.043,51.528
0.024,51.528
-0.130,51.434
-0.113,51.429
-0.114,51.436
-0.101,51.434
-0.103,51.443
-0.125,51.439
-0.139,51.446
-0.114,51.446
-0.100,51.426
-0.131,51.427
-0.173,51.472
-0.154,51.468
-0.145,51.476
-0.163,51.473
0.012,51.556
-0.165,51.477
-0.014,51.561
0.002,51.556
-0.250,51.558
-0.133,51.532
-0.219,51.556
-0.142,51.535
-0.293,51.562
-0.188,51.539
-0.312,51.559
-0.137,51.539
-0.247,51.565
-0.153,51.540
-0.233,51.563
-0.175,51.542
-0.317,51.569
-0.187,51.544
-0.223,51.467
-0.270,51.565
-0.131,51.544
-0.176,51.466
-0.325,51.557
-0.118,51.528
-0.278,51.553
-0.141,51.529
-0.052,51.564
-0.059,51.522
-0.029,51.520
-0.053,51.524
-0.022,51.522
-0.069,51.525
-0.042,51.525
-0.049,51.528
-0.015,51.526
-0.178,51.585
-0.216,51.584
-0.223,51.588
-0.170,51.592
-0.249,51.593
-0.176,51.600
-0.070,51.519
-0.199,51.595
-0.049,51.517
-0.198,51.583
-0.242,51.580
-0.045,51.541
0.053,51.522
0.015,51.521
0.011,51.526
0.035,51.526
0.051,51.513
0.028,51.513
-0.188,51.514
-0.129,51.510
-0.169,51.516
-0.180,51.514
-0.140,51.519
-0.194,51.517
-0.151,51.519
-0.014,51.376
-0.162,51.518
0.078,51.373
0.096,51.380
0.113,51.379
0.051,51.386
0.009,51.382
-0.032,51.393
0.023,51.457
0.080,51.386
0.058,51.571
-0.135,51.496
0.054,51.584
-0.060,51.566
0.114,51.371
0.045,51.370
-0.019,51.481
0.010,51.489
0.128,51.494
0.146,51.489
-0.201,51.562
0.126,51.508
-0.220,51.568
-0.211,51.565
-0.208,51.578
-0.196,51.571
0.172,51.485
0.158,51.483
-0.064,51.491
0.008,51.620
-0.056,51.491
0.004,51.630
-0.037,51.496
-0.010,51.634
-0.095,51.496
-0.020,51.490
-0.086,51.498
-0.006,51.492
-0.052,51.498
-0.069,51.498
-0.007,51.505
-0.060,51.505
-0.090,51.491
-0.018,51.618
-0.073,51.489
-0.005,51.620
-0.059,51.620
-0.215,51.485
-0.081,51.620
-0.205,51.487
-0.122,51.624
-0.211,51.489
-0.107,51.622
-0.227,51.492
-0.094,51.624
-0.210,51.493
-0.069,51.623
-0.240,51.494
-0.065,51.631
-0.217,51.498
-0.049,51.626
-0.230,51.499
-0.134,51.614
-0.221,51.481
-0.059,51.613
-0.200,51.483
-0.315,51.516
-0.297,51.516
-0.373,51.521
-0.326,51.520
-0.262,51.521
-0.337,51.523
-0.309,51.526
-0.364,51.526
-0.271,51.515
-0.338,51.516
-0.106,51.550
-0.088,51.546
-0.114,51.552
-0.084,51.550
-0.096,51.555
-0.127,51.553
-0.118,51.560
-0.131,51.558
-0.118,51.546
-0.098,51.543
-0.100,51.596
0.249,51.549
-0.074,51.595
0.208,51.553
-0.100,51.601
0.236,51.557
-0.132,51.599
0.196,51.562
-0.081,51.603
0.218,51.562
-0.110,51.602
0.258,51.563
-0.126,51.604
0.272,51.566
-0.090,51.603
0.168,51.570
-0.065,51.595
0.196,51.547
-0.084,51.595
0.212,51.547
0.083,51.601
0.022,51.598
0.040,51.608
0.053,51.605
0.114,51.611
0.100,51.610
0.050,51.502
0.029,51.612
-0.040,51.400
0.101,51.481
0.061,51.595
0.097,51.469
0.035,51.595
-0.002,51.423
0.011,51.428
0.017,51.422
0.040,51.312
-0.061,51.392
-0.027,51.456
-0.036,51.453
-0.010,51.458
0.002,51.456
-0.042,51.463
-0.021,51.463
-0.028,51.467
0.005,51.463
0.010,51.450
-0.004,51.449
-0.184,51.443
-0.199,51.444
-0.216,51.448
-0.242,51.447
-0.205,51.450
-0.153,51.448
-0.193,51.453
-0.197,51.533
-0.185,51.451
0.046,51.429
-0.213,51.534
-0.228,51.534
-0.222,51.540
-0.246,51.537
-0.200,51.540
-0.298,51.542
-0.147,51.442
0.010,51.485
-0.014,51.475
0.066,51.423
0.115,51.468
0.177,51.469
0.141,51.469
0.187,51.473
0.126,51.472
0.136,51.480
0.157,51.474
0.167,51.466
0.138,51.459
0.061,51.492
-0.116,51.605
0.051,51.489
-0.193,51.469
0.096,51.501
-0.208,51.471
0.113,51.494
-0.186,51.472
-0.116,51.612
-0.212,51.476
0.116,51.504
-0.203,51.476
-0.193,51.477
-0.098,51.613
-0.209,51.480
0.094,51.487
0.084,51.487
-0.059,51.603
-0.065,51.347
-0.045,51.347
-0.099,51.349
-0.014,51.347
-0.091,51.359
-0.020,51.353
-0.097,51.367
-0.112,51.362
-0.085,51.340
-0.009,51.338
-0.093,51.526
-0.209,51.524
-0.113,51.531
-0.104,51.526
-0.117,51.537
-0.102,51.535
-0.110,51.541
-0.094,51.538
-0.221,51.523
-0.218,51.518
-0.408,51.590
-0.119,51.588
-0.481,51.603
-0.143,51.587
-0.416,51.606
-0.079,51.591
-0.429,51.613
-0.097,51.590
-0.108,51.593
0.199,51.517
-0.153,51.592
0.212,51.524
-0.143,51.595
0.181,51.528
-0.060,51.594
0.194,51.537
-0.395,51.578
-0.128,51.587
-0.438,51.581
-0.104,51.586
-0.006,51.537
0.037,51.540
0.042,51.543
0.003,51.543
0.013,51.544
0.053,51.543
0.034,51.548
0.027,51.544
-0.392,51.559
0.059,51.539
-0.376,51.571
0.021,51.537
-0.070,51.604
-0.075,51.613
-0.271,51.492
-0.267,51.499
0.126,51.561
-0.031,51.478
-0.042,51.439
-0.013,51.438
-0.002,51.441
0.018,51.441
-0.024,51.446
-0.055,51.445
-0.014,51.446
-0.041,51.447
0.009,51.434
-0.047,51.434
-0.175,51.429
-0.165,51.424
-0.162,51.433
-0.164,51.430
-0.183,51.436
-0.216,51.442
-0.158,51.438
0.095,51.405
-0.003,51.406
0.016,51.412
-0.060,51.412
-0.028,51.414
0.056,51.410
-0.051,51.418
-0.149,51.424
-0.071,51.416
-0.142,51.422
-0.017,51.408
-0.045,51.408
-0.036,51.531
-0.024,51.530
-0.029,51.535
-0.054,51.532
-0.145,51.345
-0.179,51.351
-0.189,51.602
-0.263,51.603
-0.255,51.609
-0.149,51.605
-0.178,51.612
-0.193,51.611
-0.062,51.530
-0.025,51.502
-0.272,51.614
-0.072,51.528
-0.022,51.498
-0.213,51.602
-0.247,51.602
-0.151,51.317
-0.118,51.304
-0.128,51.323
-0.095,51.321
-0.068,51.326
-0.108,51.326
-0.112,51.339
-0.134,51.332
-0.349,51.554
-0.329,51.552
-0.379,51.461
-0.420,51.456
-0.054,51.538
-0.066,51.545
-0.076,51.543
-0.033,51.546
-0.046,51.546
-0.064,51.551
-0.055,51.548
-0.067,51.536
-0.080,51.536
-0.153,51.655
-0.091,51.392
-0.098,51.657
-0.070,51.390
-0.072,51.659
-0.117,51.395
-0.086,51.660
-0.037,51.660
-0.111,51.399
-0.047,51.663
-0.099,51.397
-0.062,51.664
-0.080,51.402
-0.084,51.666
-0.070,51.399
-0.118,51.649
-0.107,51.388
-0.047,51.649
-0.124,51.387
-0.118,51.566
-0.136,51.563
-0.122,51.571
-0.131,51.569
-0.421,51.437
-0.391,51.432
-0.416,51.445
-0.384,51.440
-0.112,51.562
-0.102,51.559
0.172,51.606
0.218,51.604
0.219,51.612
0.237,51.605
-0.359,51.561
-0.375,51.560
-0.367,51.567
-0.340,51.567
0.159,51.602
0.209,51.598
-0.170,51.406
-0.285,51.469
-0.132,51.398
-0.254,51.469
-0.229,51.408
-0.288,51.476
-0.139,51.406
-0.239,51.481
-0.149,51.408
0.078,51.547
-0.202,51.407
0.072,51.551
-0.181,51.409
0.097,51.554
-0.159,51.409
0.081,51.556
-0.237,51.398
-0.294,51.460
-0.216,51.398
-0.268,51.465
-0.032,51.472
-0.032,51.483
-0.047,51.480
-0.138,51.415
-0.038,51.489
-0.087,51.424
-0.128,51.418
-0.047,51.472
-0.008,51.467
-0.216,51.456
-0.166,51.455
-0.179,51.461
-0.249,51.455
-0.205,51.461
-0.230,51.462
-0.166,51.465
-0.158,51.462
-0.237,51.548
-0.126,51.407
-0.250,51.544
-0.115,51.409
-0.229,51.548
-0.104,51.416
-0.211,51.547
-0.086,51.416
-0.287,51.552
-0.124,51.518
-0.263,51.549
-0.114,51.522
-0.231,51.553
-0.135,51.522
-0.232,51.454
-0.303,51.552
-0.125,51.527
-0.157,51.453
-0.290,51.544
-0.092,51.403
-0.261,51.541
-0.099,51.406
-0.195,51.375
-0.231,51.375
-0.171,51.377
-0.238,51.380
-0.210,51.381
-0.161,51.379
-0.172,51.386
-0.158,51.650
-0.186,51.383
-0.204,51.645
-0.204,51.654
-0.181,51.652
0.082,51.532
0.110,51.528
-0.205,51.346
0.094,51.533
0.155,51.532
-0.218,51.371
-0.153,51.368
-0.178,51.645
-0.165,51.643
-0.231,51.504
-0.240,51.504
-0.240,51.509
-0.227,51.507
-0.240,51.517
-0.233,51.513
-0.090,51.532
-0.082,51.529
-0.220,51.502
-0.248,51.502
-0.080,51.636
-0.083,51.372
-0.134,51.639
-0.109,51.372
-0.119,51.639
-0.068,51.380
-0.046,51.639
-0.084,51.379
-0.096,51.643
-0.113,51.383
-0.100,51.382
-0.078,51.385
-0.037,51.647
-0.045,51.385
-0.053,51.632
-0.029,51.369
-0.101,51.634
-0.045,51.372
-0.251,51.493
-0.469,51.489
-0.429,51.489
-0.472,51.504
-0.424,51.499
-0.419,51.510
-0.455,51.503
-0.299,51.489
-0.376,51.489
0.181,51.579
0.206,51.573
0.163,51.584
0.208,51.583
0.169,51.592
0.225,51.585
0.235,51.596
0.181,51.594
0.230,51.572
0.191,51.571
0.044,51.551
-0.334,51.447
0.051,51.550
-0.373,51.449
0.023,51.552
-0.295,51.445
0.060,51.552
-0.337,51.453
-0.196,51.390
-0.360,51.454
-0.220,51.387
-0.313,51.454
-0.174,51.397
-0.300,51.457
-0.191,51.397
-0.322,51.458
0.062,51.547
-0.338,51.439
0.012,51.549
-0.355,51.442
-0.104,51.470
-0.123,51.468
-0.113,51.476
-0.131,51.472
-0.112,51.480
-0.125,51.477
-0.114,51.488
-0.122,51.481
-0.113,51.467
-0.134,51.467
-0.028,51.591
-0.006,51.588
-0.004,51.595
-0.018,51.594
-0.011,51.605
-0.137,51.487
-0.033,51.598
-0.148,51.489
-0.025,51.612
-0.141,51.490
0.003,51.607
-0.132,51.492
-0.037,51.589
-0.004,51.583
-0.147,51.359
-0.198,51.358
-0.169,51.363
-0.217,51.360
-0.181,51.367
-0.205,51.367
-0.132,51.368
-0.264,51.623
-0.191,51.368
-0.280,51.622
-0.163,51.623
-0.182,51.621
-0.141,51.632
-0.150,51.628
-0.221,51.644
-0.173,51.632
-0.132,51.355
-0.156,51.354
-0.105,51.499
-0.313,51.591
0.108,51.562
-0.112,51.501
-0.155,51.615
-0.244,51.616
-0.092,51.572
-0.081,51.570
0.067,51.433
-0.070,51.574
0.080,51.445
0.054,51.433
0.063,51.448
0.035,51.447
-0.069,51.569
-0.374,51.479
-0.356,51.477
-0.336,51.481
-0.388,51.481
-0.261,51.486
-0.276,51.486
-0.395,51.487
-0.311,51.488
-0.408,51.477
-0.331,51.473
-0.353,51.593
-0.301,51.597
-0.330,51.596
-0.284,51.599
-0.339,51.599
-0.313,51.603
-0.395,51.602
-0.382,51.594
-0.293,51.591
-0.140,51.455
-0.118,51.452
-0.133,51.460
-0.107,51.458
-0.125,51.461
-0.116,51.459
-0.145,51.465
-0.099,51.464
-0.125,51.449
-0.130,51.447
-0.147,51.563
-0.173,51.557
0.027,51.311
0.069,51.361
0.099,51.354
0.007,51.369
0.092,51.364
-0.142,51.556
-0.186,51.556
-0.028,51.569
-0.008,51.566
-0.014,51.574
0.006,51.571
-0.028,51.575
-0.003,51.574
-0.018,51.582
-0.031,51.582
0.012,51.565
-0.004,51.562
-0.087,51.477
-0.097,51.477
-0.066,51.481
-0.078,51.478
-0.090,51.487
-0.098,51.483
-0.103,51.488
-0.083,51.487
0.148,51.443
0.155,51.556
0.095,51.446
0.177,51.560
0.108,51.448
0.143,51.560
0.129,51.453
0.134,51.584
0.183,51.452
0.140,51.572
0.090,51.458
0.158,51.458
-0.067,51.475
-0.095,51.520
0.103,51.460
-0.057,51.474
0.135,51.553
0.086,51.437
0.119,51.552
0.122,51.440
-0.085,51.556
-0.037,51.554
-0.060,51.558
-0.050,51.556
-0.084,51.564
-0.076,51.561
-0.068,51.564
-0.097,51.564
-0.076,51.554
-0.041,51.553
-0.361,51.509
-0.338,51.507
-0.285,51.509
-0.325,51.509
-0.269,51.509
-0.384,51.511
-0.373,51.513
-0.252,51.510
-0.301,51.505
-0.316,51.504
-0.459,51.553
-0.196,51.498
-0.443,51.545
-0.184,51.499
-0.450,51.565
-0.209,51.501
-0.195,51.505
-0.422,51.566
-0.209,51.511
-0.406,51.565
-0.198,51.511
-0.420,51.577
-0.214,51.513
-0.401,51.571
-0.205,51.517
-0.474,51.540
-0.189,51.495
-0.482,51.537
-0.162,51.496
-0.351,51.579
-0.368,51.577
-0.384,51.583
-0.329,51.582
-0.337,51.586
-0.352,51.585
-0.368,51.587
-0.354,51.569
0.082,51.578
0.023,51.582
0.072,51.580
0.065,51.582
0.095,51.580
0.075,51.593
0.032,51.576
0.123,51.575
-0.048,51.426
-0.303,51.401
-0.026,51.427
-0.292,51.398
-0.062,51.429
-0.254,51.402
-0.266,51.401
0.031,51.430
-0.290,51.409
-0.006,51.431
-0.276,51.407
-0.029,51.434
-0.284,51.418
-0.061,51.434
-0.298,51.417
-0.308,51.393
-0.198,51.435
-0.260,51.390
-0.168,51.548
-0.153,51.546
-0.136,51.549
-0.192,51.550
-0.149,51.550
-0.173,51.550
-0.200,51.553
-0.159,51.553
-0.200,51.547
-0.165,51.545
-0.077,51.455
-0.092,51.453
-0.071,51.459
-0.051,51.458
-0.059,51.465
-0.086,51.463
-0.083,51.470
-0.072,51.468
-0.262,51.576
0.075,51.540
-0.304,51.581
0.087,51.540
-0.281,51.585
0.146,51.540
-0.258,51.587
0.161,51.539
-0.274,51.594
0.100,51.544
0.121,51.542
0.127,51.420
0.150,51.547
0.111,51.427
-0.068,51.449
0.165,51.545
0.097,51.430
-0.081,51.431
-0.301,51.569
0.115,51.538
-0.287,51.573
0.132,51.536
0.028,51.482
0.063,51.480
0.037,51.483
0.070,51.483
0.113,51.487
0.077,51.486
0.014,51.480
0.087,51.477
-0.309,51.496
-0.036,51.677
-0.389,51.500
-0.376,51.499
-0.325,51.501
-0.272,51.504
-0.258,51.501
-0.045,51.673
-0.025,51.670
-0.390,51.520
-0.181,51.481
-0.436,51.520
-0.183,51.486
-0.412,51.523
-0.174,51.486
-0.477,51.522
-0.163,51.487
-0.445,51.530
-0.191,51.489
-0.398,51.529
-0.180,51.492
-0.455,51.534
-0.198,51.493
-0.424,51.531
-0.167,51.492
-0.463,51.518
-0.264,51.421
-0.410,51.516
-0.300,51.426
-0.154,51.579
-0.101,51.578
-0.115,51.581
-0.069,51.578
-0.086,51.583
-0.097,51.582
-0.079,51.585
-0.068,51.585
-0.083,51.577
-0.131,51.578
0.076,51.565
0.034,51.564
0.100,51.568
0.111,51.570
0.082,51.569
0.093,51.572
0.065,51.562
-0.293,51.362
-0.199,51.416
-0.310,51.361
-0.168,51.416
-0.283,51.379
-0.154,51.417
-0.301,51.370
-0.188,51.420
-0.249,51.386
-0.176,51.420
-0.298,51.381
-0.214,51.421
-0.300,51.389
-0.198,51.425
-0.279,51.388
-0.222,51.427
-0.216,51.412
-0.111,51.492
-0.234,51.413
-0.183,51.526
-0.160,51.523
-0.201,51.528
-0.192,51.526
-0.176,51.529
-0.208,51.529
-0.169,51.535
-0.185,51.534
0.035,51.395
-0.001,51.394
0.013,51.399
0.120,51.395
0.033,51.404
0.108,51.403
-0.170,51.524
-0.058,51.406
-0.194,51.522
0.057,51.392
0.102,51.391
-0.371,51.418
-0.022,51.511
-0.044,51.503
-0.032,51.511
-0.334,51.426
-0.053,51.512
-0.317,51.420
-0.065,51.514
-0.354,51.429
-0.377,51.428
-0.039,51.517
-0.317,51.436
-0.010,51.517
-0.339,51.431
-0.055,51.517
-0.096,51.503
-0.063,51.508
-0.076,51.501
0.042,51.459
0.039,51.468
0.059,51.462
0.068,51.475
0.020,51.472
0.041,51.475
0.056,51.456
-0.382,51.535
-0.370,51.612
-0.164,51.500
-0.164,51.442
-0.152,51.436
-0.188,51.355
-0.218,51.612
0.064,51.532
-0.232,51.592
-0.065,51.644
-0.072,51.645
-0.014,51.513
-0.052,51.511
-0.483,50.819
-0.606,50.818
-0.649,50.837
-0.547,50.821
-0.566,50.852
-0.478,50.836
-0.313,50.830
-0.325,50.825
-0.517,50.817
-0.451,50.811
-0.576,51.458
-0.680,51.413
-0.635,51.478
-0.619,51.480
1.072,51.281
1.377,51.215
0.313,50.786
1.334,51.269
1.393,51.224
1.072,51.271
0.323,51.397
1.265,51.280
1.270,51.195
-0.789,51.295
1.388,51.182
-0.769,51.293
0.327,50.793
-0.783,51.306
-0.748,51.294
-0.768,51.313
-0.765,51.306
-1.665,50.742
-1.586,50.730
-0.745,51.278
-0.761,51.250
-0.430,51.275
-0.724,51.265
-0.511,51.287
-0.657,51.284
-0.264,51.331
-0.271,51.322
-0.268,51.339
-0.610,51.258
-0.589,51.258
-1.058,50.786
-1.096,50.789
-1.060,50.790
-1.089,50.787
-1.069,50.791
-1.077,50.791
-1.054,50.796
-1.087,50.793
-1.078,50.784
-0.652,51.478
-0.616,51.489
-0.569,51.481
-0.649,51.398
-0.861,51.501
-0.922,51.514
-0.984,51.515
-0.904,51.530
-1.077,51.528
-1.156,51.571
-0.911,51.537
-1.233,51.603
0.353,51.221
-1.250,51.600
0.279,51.217
0.306,51.291
0.404,51.269
0.459,51.297
0.439,51.328
0.435,51.303
-1.318,51.742
-1.284,51.740
0.253,51.211
0.293,51.211
0.792,51.201
0.920,51.187
0.864,51.156
0.890,51.163
0.357,51.386
0.359,51.338
0.453,51.416
0.381,51.417
0.395,51.421
0.359,51.422
0.341,51.429
0.386,51.427
0.541,51.326
-1.566,50.982
0.534,51.284
-1.403,50.984
-1.495,50.990
1.180,51.081
-1.446,50.979
-1.532,51.077
-1.479,50.995
-1.599,51.189
-1.443,51.166
-1.458,50.949
-1.328,51.125
-0.356,51.293
-0.380,51.284
-0.332,51.305
-0.320,51.295
-0.297,51.315
-0.312,51.312
-0.586,51.212
-0.460,51.212
0.296,50.808
0.273,50.805
-0.370,51.276
-0.281,51.239
-1.339,51.385
-1.324,51.394
-1.316,51.397
-1.441,51.398
-1.250,51.402
-1.258,51.405
-1.060,51.401
-1.273,51.405
0.313,50.801
0.272,50.798
-0.953,51.482
-1.067,51.378
-1.344,50.919
-1.446,50.918
-1.357,50.922
-1.399,50.920
-1.374,50.922
-1.440,50.922
-1.463,50.925
-1.388,50.924
-1.416,50.917
-0.645,50.793
-1.425,50.913
-0.687,50.791
-0.620,50.796
-0.674,50.795
-0.541,50.808
-0.690,50.800
-0.528,50.811
-0.499,50.809
-0.679,50.784
-0.706,50.783
-0.552,51.304
-0.621,51.306
-0.602,51.313
-0.575,51.310
-0.614,51.318
-0.566,51.316
-0.592,51.320
-0.541,51.319
-0.964,51.419
-0.762,51.995
-0.632,51.534
-0.780,52.000
-0.954,51.437
-0.751,52.005
-0.964,51.431
-0.767,52.011
-0.966,51.446
-0.791,52.009
-1.012,51.443
-0.657,52.015
-0.947,51.449
-0.730,52.018
-0.990,51.447
-0.690,52.018
-0.616,51.527
-0.753,51.991
-0.648,51.526
-0.727,51.993
-1.034,50.874
-1.000,50.873
-1.035,50.893
-1.016,50.884
-0.850,51.256
-0.948,51.248
-1.023,50.872
-0.988,50.872
-0.810,51.818
-0.834,51.814
-0.822,51.825
-0.792,51.818
-0.805,51.828
-0.839,51.827
-0.640,51.838
-1.033,51.840
-0.786,51.808
-0.817,51.808
-1.131,51.259
-1.097,51.262
-1.078,51.262
-1.121,51.274
-1.088,51.275
-1.060,51.280
-1.085,51.284
-1.054,51.296
-1.175,51.251
-1.115,51.257
-1.195,51.760
-1.257,51.755
-1.201,51.767
-1.220,51.761
-1.267,51.770
-1.237,51.767
-1.277,51.787
0.721,51.339
-1.266,51.782
0.735,51.329
0.744,51.340
0.756,51.339
0.657,51.362
0.719,51.348
0.864,51.405
0.738,51.362
-1.272,51.755
-1.208,51.751
0.878,51.315
0.895,51.314
0.517,51.263
0.542,51.259
0.569,51.266
0.487,51.268
0.556,51.275
0.511,51.270
0.497,51.282
0.523,51.281
0.689,51.244
-1.334,51.054
0.527,51.251
-1.343,51.047
-1.301,51.063
-1.317,51.063
-1.165,51.084
-1.331,51.070
-1.298,51.099
-1.337,51.081
-1.318,50.999
-1.151,50.948
-0.201,51.324
-0.233,51.312
-0.272,51.172
-0.223,51.324
-0.324,51.215
-0.364,51.180
-0.330,51.238
-0.333,51.227
-0.167,51.310
-0.234,51.303
0.556,51.426
-1.033,51.455
0.505,51.409
-1.006,51.455
0.637,51.455
-0.993,51.457
0.500,51.438
-1.020,51.462
-1.039,51.463
-0.962,51.467
-0.970,51.475
-0.987,51.479
0.482,51.401
-0.976,51.453
0.496,51.400
-0.947,51.454
-1.370,50.902
-1.396,50.900
-1.347,50.904
-1.335,50.902
-1.367,50.911
-1.336,50.910
-1.395,50.911
-1.410,50.913
-1.356,50.900
-1.374,50.894
0.317,50.817
0.248,50.808
-0.548,51.506
-0.176,50.848
0.236,50.870
-0.583,51.504
-0.194,50.850
0.246,50.822
-0.626,51.510
-0.223,50.851
-0.605,51.508
-0.141,50.854
-0.643,51.517
-0.157,50.859
-0.588,51.515
-0.103,50.859
-0.603,51.523
-0.136,50.864
-0.575,51.519
-0.724,51.981
-0.554,51.501
-0.105,50.844
-0.540,51.497
-0.124,50.844
-0.986,50.798
-0.982,50.788
-0.942,50.853
-0.975,50.853
-1.038,50.862
-0.971,50.868
-0.990,50.864
-0.960,50.784
-1.794,50.932
-0.044,51.310
-0.642,51.721
-0.617,51.716
-0.998,51.775
-0.742,51.767
-0.753,51.793
-0.922,51.775
-0.802,51.803
-0.819,51.798
-0.602,51.714
-0.426,50.823
-0.607,51.700
-0.404,50.823
-0.382,50.829
-0.367,50.827
-0.397,50.833
-0.414,50.833
-0.143,50.926
-0.404,50.846
-0.908,51.176
-1.262,51.242
-0.381,50.820
-1.132,51.232
-0.353,50.818
-1.340,51.232
-1.121,51.242
-1.139,51.245
-1.040,51.264
-1.103,51.247
-0.981,51.148
-0.970,51.155
-1.199,51.723
-1.196,51.717
-1.221,51.732
-1.224,51.724
-1.210,51.739
-1.235,51.740
-1.236,51.747
-1.256,51.741
1.357,51.380
1.411,51.377
1.382,51.382
1.393,51.381
1.394,51.389
1.423,51.386
0.807,51.325
-0.970,51.749
0.956,51.294
-1.165,51.743
1.334,51.378
1.303,51.376
1.206,51.225
1.389,51.209
1.401,51.220
-0.325,50.837
-1.401,50.943
-0.245,50.835
-0.237,50.841
-0.269,50.841
-0.273,50.833
-0.339,50.832
-0.547,51.193
-0.816,51.193
-0.803,51.202
-0.612,51.192
-0.786,51.205
-0.605,51.200
-0.798,51.234
-0.799,51.216
-0.619,51.179
-0.656,51.171
-1.194,50.801
-1.151,50.800
-1.170,50.807
-1.143,50.806
-1.170,50.819
-1.146,50.812
-1.224,50.821
-1.177,50.828
-1.131,50.797
-1.157,50.790
-0.399,50.812
-0.421,50.812
-0.385,50.814
-0.370,50.813
-1.346,52.053
-1.328,52.051
-1.325,52.065
-1.361,52.063
-1.357,52.076
-1.349,52.066
-1.363,52.099
1.138,51.086
1.152,51.085
1.186,51.092
1.182,51.087
1.096,51.140
1.159,51.113
0.062,51.201
0.162,51.181
-1.444,52.017
1.089,51.077
0.367,51.440
0.391,51.437
1.274,51.122
0.342,51.441
1.310,51.132
-0.710,51.652
1.300,51.124
1.281,51.149
-1.004,50.858
1.297,51.138
-0.684,51.655
-1.035,50.846
-1.595,51.757
-1.537,51.728
-1.622,51.779
-1.593,51.769
0.353,51.434
-1.494,51.784
-1.467,51.212
0.370,51.431
-1.379,51.783
-1.488,51.213
-1.474,51.791
-1.492,51.225
-1.507,51.784
-1.001,50.904
-1.475,51.223
-0.757,51.240
-0.746,51.238
-0.745,51.248
-0.773,51.246
-1.509,51.206
-1.488,51.202
-0.779,51.345
-1.310,51.495
-0.780,51.356
-0.799,51.349
-0.761,51.391
-0.800,51.366
-0.774,51.399
-0.749,51.396
-1.527,51.506
-0.569,51.241
-1.109,51.486
-0.727,51.240
-0.546,51.247
-0.606,51.244
-0.597,51.253
-0.722,51.250
-0.576,51.257
-0.538,51.254
0.042,50.793
0.052,50.793
-0.589,51.238
-0.001,50.799
-0.018,50.800
-0.003,50.873
0.060,50.892
0.008,50.878
-0.073,50.929
0.099,50.781
0.011,50.791
-1.365,50.930
-1.396,50.930
-1.419,50.936
-1.455,50.933
-1.446,50.939
-1.386,50.937
-1.435,50.943
-1.376,50.940
-1.437,50.928
-0.203,51.095
-1.423,50.925
-0.212,51.101
-0.183,51.102
-0.225,51.105
-0.166,51.106
-0.150,51.108
-0.194,51.110
-0.217,51.112
-0.309,51.081
-0.289,51.077
-0.811,52.060
-0.758,52.061
-0.779,52.064
-0.735,52.060
-0.723,52.082
-0.749,52.066
-0.779,52.104
-0.742,52.086
-0.841,52.056
-0.474,51.338
-0.788,52.052
-0.509,51.334
-0.711,51.091
-0.736,51.089
-0.554,51.120
-0.646,51.150
-0.482,51.142
0.157,51.053
0.321,51.061
-0.564,51.327
0.207,51.090
-0.539,51.326
0.172,51.058
0.474,50.841
0.042,51.095
0.456,50.845
0.174,51.047
0.053,51.032
-0.960,51.284
-0.833,51.277
-0.906,51.305
-0.845,51.290
-0.841,51.336
-0.789,51.333
-0.725,51.630
-1.139,50.790
-0.784,51.632
-0.828,51.340
-0.701,51.637
-0.735,51.633
-0.835,51.642
-0.742,51.639
-0.769,51.642
-0.855,51.274
-0.832,51.265
-0.775,51.630
-0.715,51.628
-0.882,51.946
-0.761,51.935
-0.832,51.978
-1.008,51.942
-0.982,51.997
-0.983,52.003
-0.743,51.870
0.007,51.125
-0.883,51.861
-0.023,51.125
-0.014,51.132
-0.120,51.135
-0.416,50.926
-0.319,50.886
-0.489,50.939
-0.277,50.930
-0.075,51.123
-0.060,51.047
-1.196,51.856
-1.290,51.824
-1.168,51.903
-1.142,51.893
-1.155,51.912
-1.143,51.906
-1.300,51.955
-1.141,51.920
0.759,51.434
0.802,51.426
0.914,50.952
0.770,51.438
0.975,51.013
0.953,50.985
1.027,51.076
-1.283,51.815
1.077,51.069
-1.304,51.815
0.791,51.418
0.754,51.415
1.029,51.248
1.141,51.237
1.090,51.273
1.081,51.293
-0.243,51.347
1.095,51.284
1.123,51.304
1.057,51.296
0.305,51.366
0.408,51.296
-1.027,50.901
-1.013,50.897
0.230,51.455
-0.800,51.117
-0.755,51.129
-1.518,51.412
-1.200,51.407
-1.040,51.440
-1.082,51.434
-1.049,51.448
-1.269,51.445
-1.050,51.477
-1.050,51.465
-1.331,51.409
-0.409,51.374
-1.303,51.408
-0.436,51.373
-0.401,51.382
-0.343,51.379
-0.320,51.385
-0.419,51.386
-0.407,51.391
-0.335,51.390
0.486,50.915
0.612,50.905
-0.455,51.372
0.729,50.948
-0.367,51.369
0.457,50.963
0.659,50.981
0.451,51.017
0.104,50.772
0.123,50.777
0.493,50.849
0.472,50.854
-1.055,50.848
-1.107,50.849
-1.096,50.852
-1.077,50.849
-0.108,50.818
-0.046,50.807
-0.131,50.823
-0.122,50.820
-0.452,51.020
-1.059,50.841
-0.347,51.026
-0.311,51.054
-0.347,51.063
-0.326,51.064
-0.415,51.070
-0.308,51.070
-0.331,51.077
-0.460,50.944
-0.301,50.965
-0.740,52.032
-0.806,52.023
-0.720,52.036
-0.696,52.039
-0.754,52.043
-0.802,52.039
-0.817,52.052
-0.774,52.049
-0.789,52.030
-0.728,51.307
-0.756,52.030
-0.724,51.292
-0.727,51.326
-0.734,51.315
-0.704,51.329
-0.754,51.330
-0.726,51.339
-0.641,51.334
0.342,50.890
0.259,50.873
0.101,50.963
-0.073,51.307
0.133,50.934
0.253,50.966
0.148,50.989
0.099,50.976
0.249,50.863
0.264,50.859
-1.325,50.862
-1.268,50.882
-1.319,50.889
-1.348,50.877
-1.297,50.917
-1.303,50.909
-0.708,51.579
-1.341,50.929
-0.778,51.576
-1.298,50.929
-0.686,51.596
-0.778,51.589
-0.793,51.616
-0.708,51.600
-0.763,51.625
-0.721,51.619
-1.262,50.867
-1.209,50.862
-0.765,51.574
-1.129,51.350
-1.367,51.352
-1.148,51.354
-1.235,51.330
-1.055,51.324
-0.118,50.961
-0.136,50.960
-0.148,50.962
-0.106,50.998
-0.092,50.999
-0.178,51.044
-0.086,51.010
-0.183,50.939
-1.581,51.654
-1.292,51.663
-1.425,51.679
-1.287,51.674
-1.271,51.678
-1.268,51.685
-1.301,51.694
-1.425,51.608
0.211,51.437
0.171,51.428
0.193,51.444
0.243,51.437
0.232,51.445
-1.614,51.608
0.258,51.443
0.208,51.448
0.302,51.445
1.168,51.079
0.207,51.427
0.258,51.419
0.516,51.351
0.533,51.350
0.541,51.355
0.602,51.347
0.600,51.360
0.585,51.358
0.531,51.361
0.449,51.366
0.575,51.347
-0.273,51.364
0.593,51.346
-0.247,51.363
-0.373,51.330
-0.255,51.373
-0.450,51.358
-0.407,51.333
-0.403,51.366
-0.339,51.360
-0.262,51.354
-0.277,51.346
-1.083,50.808
-1.058,50.805
-1.072,50.816
-1.070,50.811
-1.079,50.821
-1.086,50.819
-1.073,50.829
-1.062,50.822
-1.073,50.802
-1.089,50.800
-0.924,51.432
-0.884,51.430
-0.909,51.446
-0.884,51.456
-0.904,51.450
-0.868,51.478
-0.902,51.460
-0.856,51.424
-0.056,51.228
-0.919,51.426
-0.011,51.174
0.008,51.241
-0.114,51.237
-0.094,51.284
-0.003,51.257
-0.098,51.293
-0.076,51.284
-0.110,51.169
-0.777,51.235
-1.135,50.848
-1.194,50.847
-1.175,50.851
-1.214,50.851
-1.291,50.855
-1.256,50.853
-1.193,50.860
-1.276,50.858
-1.126,50.843
-1.213,50.827
0.283,51.147
0.272,51.152
0.330,51.147
0.385,51.178
0.256,51.156
0.277,51.196
0.268,51.186
0.259,51.141
0.266,51.137
-1.475,51.866
-1.356,51.850
-1.599,51.864
-1.456,51.932
-1.547,51.939
-1.301,51.593
-1.426,51.592
-1.514,51.797
-1.395,51.818
0.664,51.118
0.183,51.408
0.817,51.126
0.550,51.164
0.873,51.123
0.489,51.179
0.934,51.115
0.625,51.177
0.850,51.139
0.499,51.235
0.851,51.131
0.574,51.239
0.874,51.142
0.448,51.247
0.900,51.140
0.553,51.247
0.689,51.073
0.174,51.391
0.778,51.044
0.167,51.400
0.282,50.766
0.269,50.760
0.264,50.774
0.292,50.771
0.295,50.779
0.277,50.777
-0.699,51.416
-0.733,51.411
0.253,50.783
-0.738,51.424
-0.762,51.422
-0.712,51.429
-0.781,51.426
0.521,51.343
0.542,51.337
0.552,50.884
0.576,50.874
-0.755,51.406
-0.201,51.226
-0.732,51.398
-0.195,51.234
-0.162,51.244
-0.175,51.245
-0.200,51.245
-0.143,51.260
-0.211,51.287
-0.236,51.291
-0.195,51.218
-0.167,51.222
-0.775,50.859
-0.908,50.859
-0.743,50.983
-0.612,50.981
-0.533,51.061
-0.837,51.003
-0.730,50.780
-0.724,51.064
-0.775,50.844
-0.901,50.843
-0.183,50.835
-1.156,50.722
-0.068,50.834
-1.174,50.723
-0.141,50.837
-1.224,50.726
-0.130,50.835
-1.159,50.729
-0.220,50.843
-1.282,50.752
-0.199,50.842
-1.310,50.753
-0.136,50.845
-1.298,50.757
-0.155,50.844
-1.363,50.887
-0.120,50.833
-1.302,50.703
-0.172,50.833
-1.284,50.703
-0.899,51.386
-0.854,51.383
-0.852,51.408
-0.970,51.393
-0.817,51.413
-0.865,51.412
-0.945,51.420
-0.831,51.414
-0.803,51.377
-0.504,51.434
-0.704,52.157
-0.453,51.431
-0.471,51.449
-0.473,51.435
-0.500,51.349
-0.481,51.456
-0.532,51.365
-0.496,51.367
-0.439,51.424
-0.485,51.425
-0.889,51.045
-1.408,50.864
-1.450,50.889
-0.879,51.105
-1.580,50.878
-0.801,51.079
-1.537,50.907
-0.854,51.111
-1.499,50.913
-1.047,51.111
-1.493,50.921
-0.859,51.117
-1.517,50.921
-1.509,50.925
-0.938,51.003
-1.402,50.855
-0.999,50.936
-1.772,50.855
-0.565,51.604
-0.552,51.613
-0.580,51.628
-0.564,51.668
-0.602,51.668
-0.601,51.680
-0.732,51.696
-0.555,51.579
-0.646,51.607
0.536,51.097
0.519,51.048
0.432,51.126
0.261,51.122
0.238,51.132
-1.068,50.900
-1.212,50.953
-1.219,50.896
1.036,51.357
0.171,51.279
1.025,51.355
0.198,51.287
1.059,51.358
0.209,51.308
1.141,51.356
0.157,51.309
1.116,51.365
0.258,51.348
1.098,51.364
1.131,51.370
0.237,51.389
1.156,51.369
0.308,51.387
1.011,51.344
0.081,51.268
1.163,51.309
0.192,51.270
0.584,50.859
0.540,50.856
0.598,50.864
0.563,50.861
0.591,50.869
0.554,50.869
0.559,51.383
0.543,50.876
0.500,51.383
0.609,50.874
0.474,51.389
0.546,51.385
0.553,51.393
0.568,51.389
0.539,51.396
0.472,51.395
0.560,50.854
0.002,50.961
0.525,51.379
-0.567,51.401
0.548,51.378
-0.369,51.406
-0.515,51.405
-0.528,51.428
-0.573,51.428
-0.550,51.430
-0.165,51.171
-0.153,51.177
-0.175,51.179
-0.352,51.400
-0.497,51.374
-0.373,51.399
-0.502,51.389
-0.147,51.126
-0.206,51.122
-0.786,50.732
-0.196,51.128
-0.760,50.829
-0.861,50.769
-0.769,50.836
-0.807,50.836
-0.178,51.120
-0.159,51.119
-0.165,50.828
-1.284,50.616
-0.141,50.827
-1.176,50.634
-0.147,50.830
-1.180,50.644
-0.107,50.827
-1.155,50.659
-0.127,50.830
-1.387,50.682
-0.190,50.831
-1.526,50.684
-0.158,50.832
-1.301,50.694
-0.206,50.832
-1.097,50.694
-0.177,50.827
-0.156,50.824
-1.211,50.598
-0.748,51.523
-0.739,51.516
-0.708,51.526
-0.724,51.525
-0.743,51.550
-0.733,51.534
-0.527,51.485
-0.742,51.534
-0.753,51.507
-0.647,51.365
-0.704,51.496
-0.691,51.359
-0.462,51.403
-0.445,51.395
-0.407,51.412
-0.425,51.408
-0.422,51.424
-0.501,51.423
-0.673,51.349
-0.730,51.348
-1.322,50.968
-1.558,50.759
-1.370,50.965
-1.626,50.759
-1.384,50.983
-1.539,50.761
-1.353,50.978
-1.736,50.784
-1.381,50.997
-1.594,50.799
-1.366,50.985
-1.371,50.819
-1.011,50.913
-1.382,50.827
-1.780,50.846
-1.356,50.966
-1.649,50.754
-1.299,50.963
-1.662,50.756
-0.814,51.721
-0.830,51.725
-0.515,51.525
-0.665,51.529
-0.666,51.536
-0.581,51.542
-0.613,51.557
-0.502,51.577
-0.894,51.656
-0.753,51.668
-1.234,51.614
-1.254,51.609
-1.102,51.658
-1.006,51.644
-0.915,51.701
-1.178,51.664
-0.973,51.743
-1.130,51.744
1.410,51.338
1.417,51.334
1.398,51.345
1.312,51.338
1.408,51.356
1.425,51.343
1.430,51.366
-1.088,51.613
1.436,51.356
-1.133,51.602
1.394,51.333
0.491,51.327
0.600,51.370
0.496,51.369
0.519,51.374
0.532,51.373
0.560,51.374
0.542,51.374
0.506,51.376
0.582,51.375
0.618,51.366
0.510,51.365
-0.620,51.471
-1.327,52.025
-0.570,51.231
0.438,50.846
0.285,51.447
0.261,50.959
-0.109,50.995
-0.131,50.949
-1.302,51.636
-0.924,51.444
0.221,51.138
-0.937,51.011
0.276,51.136
-1.873,51.587
-2.014,51.573
-1.864,51.642
-2.102,51.590
-1.813,51.294
-1.656,51.241
-1.632,51.345
-1.976,51.295
-2.215,51.879
-2.235,51.871
-2.163,51.560
-2.528,51.727
-1.895,51.544
-2.659,51.646
-2.611,51.795
-2.566,51.755
-2.444,51.812
-2.614,51.813
-2.213,51.870
-2.250,51.860
-3.280,50.912
-3.474,50.907
-3.491,50.972
-3.478,50.913
-3.535,50.703
-3.474,50.689
-3.560,50.484
-3.553,50.714
-3.538,50.476
-3.502,50.714
-3.534,50.493
-3.527,50.484
-4.103,50.358
-4.086,50.353
-4.154,50.372
-4.074,50.360
-3.493,50.903
-2.207,51.311
-2.227,51.315
-2.193,51.321
-2.211,51.324
-2.194,51.337
-2.250,51.347
-2.281,51.349
-2.135,51.370
-2.208,51.298
-2.219,51.308
-4.405,50.597
-4.862,50.553
-4.631,50.637
-4.360,50.636
-4.508,50.801
-4.725,50.644
-5.209,50.035
-4.535,50.829
-2.494,51.466
-1.973,50.752
-2.508,51.457
-1.999,50.760
-2.497,51.477
-1.934,50.766
-2.507,51.473
-1.969,50.783
-2.491,51.488
-2.386,51.476
-1.858,50.724
-2.481,51.492
-1.793,50.726
-4.957,50.527
-2.506,51.488
-1.843,50.725
-4.834,50.515
-3.150,50.848
-2.490,51.454
-2.001,50.746
-2.475,51.447
-1.960,50.747
-2.633,51.480
-2.588,51.480
-2.525,51.484
-2.568,51.483
-2.603,51.487
-2.542,51.486
-2.625,51.489
-2.582,51.488
-2.609,51.477
-2.965,50.872
-2.517,51.476
-2.793,50.880
-2.667,50.918
-2.919,50.927
-2.654,50.932
-2.752,50.938
-2.651,50.944
-3.190,51.054
-2.945,50.860
-4.033,50.903
-4.364,50.827
-4.332,50.980
-4.139,50.953
-4.211,51.020
-4.203,51.014
-1.765,51.588
-4.213,51.043
-1.809,51.584
-4.219,51.035
-1.783,51.593
-1.805,51.590
-1.712,51.634
-1.950,50.719
-1.915,50.714
-4.241,50.806
-4.011,50.799
-1.788,51.580
-1.721,51.575
-2.159,51.846
-2.185,51.885
-2.129,51.869
-2.061,51.946
-2.264,51.888
-2.145,51.178
-2.186,51.200
-2.197,51.203
-2.166,51.204
-2.191,51.260
-2.177,51.262
-5.150,50.342
-5.204,50.299
-3.281,50.749
-4.459,50.354
-3.169,50.713
-5.038,50.345
-3.443,50.762
-4.202,50.375
-3.053,50.742
-4.214,50.355
-3.290,50.787
-4.217,50.410
-2.992,50.783
-4.513,50.376
-3.187,50.799
-3.198,50.792
-5.041,50.268
-5.088,50.263
-3.074,50.710
-3.236,50.698
-2.594,51.464
-2.614,51.463
-2.583,51.466
-2.528,51.471
-2.606,51.467
-2.546,51.474
-2.592,51.472
-2.582,51.455
-1.894,50.717
-1.898,50.723
-2.520,51.463
-2.536,51.462
-2.567,51.457
-2.567,51.464
-1.772,50.754
-1.795,50.747
-4.096,50.510
-4.140,50.486
-4.217,50.629
-4.145,50.545
-3.997,50.740
-3.877,50.687
-1.698,50.745
-1.725,50.744
-2.221,51.841
-2.248,51.833
-2.251,51.848
-2.199,51.844
-2.211,51.851
-2.238,51.851
-2.235,51.858
-2.192,51.857
-2.260,51.831
-2.286,51.829
-3.589,50.438
-3.567,50.435
-3.567,50.449
-3.576,50.439
-3.513,50.464
-3.534,50.468
-3.574,50.424
-3.566,50.407
-5.070,50.151
-5.088,50.147
-3.839,51.017
-5.108,50.169
-4.087,51.068
-3.374,50.893
-3.522,50.477
-3.137,51.021
-3.522,50.472
-3.082,51.013
-2.384,51.378
-3.071,51.020
-2.350,51.378
-3.103,51.023
-2.401,51.379
-3.095,51.034
-2.321,51.395
-3.025,51.025
-2.372,51.385
-2.395,51.387
-3.308,51.041
-2.362,51.388
-2.353,51.393
-3.105,51.010
-3.126,51.004
-2.394,51.371
-2.378,51.374
-2.798,51.478
-2.760,51.480
-2.597,51.405
-2.770,51.486
-2.610,51.408
-2.573,51.406
-2.549,51.415
-2.626,51.410
-2.686,51.478
-2.470,51.179
-2.849,51.444
-2.714,51.149
-2.655,51.208
-2.551,51.189
-2.578,51.221
-2.322,51.225
-2.326,51.231
-2.689,51.219
-4.240,50.412
-4.467,50.453
-4.456,50.456
-4.316,50.504
-4.464,50.494
-2.614,51.133
-4.227,50.516
-4.229,50.410
-4.317,50.411
-2.233,50.682
-2.053,50.634
-2.031,50.738
-2.112,50.696
-2.280,50.827
-2.086,50.757
-2.134,50.864
-2.159,50.862
-1.966,50.610
-2.519,50.949
-6.312,49.916
-2.104,51.448
-2.006,51.445
-2.120,51.457
-2.023,51.449
-2.123,51.468
-2.141,51.458
-1.925,51.527
-2.151,51.498
-2.098,51.903
-2.066,51.901
-1.999,51.434
-2.110,51.907
-2.247,51.429
-2.054,51.905
-2.119,51.911
-2.078,51.907
-2.089,51.916
-2.049,51.913
-2.081,51.896
-2.122,51.894
-5.424,50.141
-4.021,51.201
-5.569,50.133
-4.127,51.203
-5.411,50.189
-3.657,50.791
-5.465,50.189
-4.117,51.207
-4.733,50.469
-3.809,50.818
-5.488,50.209
-3.686,50.815
-4.724,50.503
-4.100,50.413
-3.395,50.856
-4.715,50.468
-4.167,50.411
-3.438,50.826
-4.153,50.423
-4.175,50.419
-4.114,50.430
-4.133,50.428
-2.515,51.445
-2.487,51.439
-5.544,50.126
-4.181,51.141
-5.538,50.120
-4.162,51.106
-4.148,50.410
-3.291,51.150
-4.129,50.406
-3.542,51.092
-3.493,51.204
-3.329,51.177
-3.084,50.996
-3.476,51.204
-3.231,50.981
-3.227,50.975
-2.821,51.389
-2.698,51.379
-2.856,51.428
-2.740,51.414
-2.769,51.431
-2.752,51.429
-2.693,51.440
-2.930,51.348
-2.856,51.436
-1.827,51.598
-2.906,51.358
-3.553,50.468
-2.842,51.370
-2.916,51.368
-1.815,51.601
-1.797,51.599
-2.758,50.729
-2.450,50.712
-2.752,50.739
-2.452,50.756
-2.931,50.732
-1.781,51.564
-2.558,50.916
-1.756,51.561
-2.734,50.814
-1.735,51.566
-1.827,51.562
-1.840,51.572
-1.801,51.566
-1.746,51.579
-1.779,51.573
-2.431,50.708
-2.379,50.684
-1.770,51.560
-1.842,51.557
-1.703,51.976
-1.754,51.888
-2.080,51.880
-1.777,52.052
-2.111,51.884
-2.066,51.883
-2.091,51.890
-2.051,51.887
-1.981,51.817
-1.833,51.760
-4.849,50.398
-4.765,50.388
-3.392,50.630
-5.091,50.412
-3.412,50.622
-5.070,50.410
-3.406,50.636
-5.047,50.419
-3.328,50.635
-4.944,50.424
-3.434,50.665
-5.681,50.121
-3.389,50.639
-5.551,50.103
-4.057,50.394
-3.242,50.685
-4.129,50.392
-3.327,50.688
-4.165,50.392
-4.178,50.392
-4.153,50.396
-4.115,50.394
-4.186,50.403
-4.870,50.353
-4.101,50.400
-4.719,50.352
-3.395,50.620
-3.526,50.739
-4.140,50.389
-4.031,50.390
-2.549,51.447
-2.610,51.443
-2.528,51.454
-2.615,51.452
-2.601,51.454
-2.555,51.459
-2.621,51.456
-2.579,51.441
-2.544,51.439
-1.834,50.834
-2.005,50.835
-1.867,50.875
-1.883,50.875
-1.744,50.732
-1.867,50.914
-1.789,51.525
-1.754,50.740
-1.785,50.737
-1.733,51.551
-1.769,51.547
-1.793,51.551
-1.831,51.552
-1.784,51.556
-1.750,51.553
-1.881,50.823
-1.960,50.809
-1.768,51.343
-1.981,51.351
-1.639,51.460
-1.729,51.421
-1.997,51.350
-2.038,51.345
-5.247,50.165
-5.131,50.155
-3.533,50.724
-5.306,50.214
-3.520,50.718
-5.287,50.208
-3.508,50.727
-5.259,50.229
-3.492,50.727
-5.291,50.219
-3.524,50.731
-5.224,50.231
-3.554,50.729
-5.191,50.228
-2.540,51.508
-1.827,50.729
-3.503,50.738
-2.570,51.507
-1.851,50.733
-3.482,50.737
-2.552,51.524
-1.809,50.735
-2.503,51.523
-1.866,50.736
-2.477,51.530
-1.886,50.739
-2.422,51.528
-1.824,50.739
-2.579,51.534
-1.863,50.744
-5.270,50.104
-2.551,51.533
-1.877,50.746
-5.319,50.093
-3.544,50.716
-3.484,50.716
-2.456,51.490
-1.812,50.726
-2.502,51.498
-1.874,50.726
-2.593,51.424
-2.618,51.423
-2.554,51.433
-2.580,51.428
-2.614,51.436
-2.568,51.434
-2.603,51.437
-2.592,51.437
-2.571,51.419
-2.658,50.952
-2.611,51.417
-2.616,50.956
-2.815,50.950
-2.766,50.974
-2.430,50.982
-2.881,51.011
-2.641,51.010
-2.625,50.945
-2.624,50.951
-2.189,51.008
-2.018,50.770
-2.280,51.039
-1.980,50.798
-1.892,50.791
-1.935,50.723
-1.884,50.807
-2.021,50.723
-1.926,50.806
-1.960,50.732
-1.978,50.732
-1.909,50.734
-1.929,50.732
-1.923,50.742
-1.943,50.737
-2.318,50.940
-2.213,50.922
-1.978,50.718
-2.009,50.717
-2.122,51.999
-2.153,51.993
-2.352,51.680
-2.351,51.636
-2.459,51.694
-2.228,51.697
-2.196,51.708
-2.367,51.698
-1.968,51.961
-5.080,50.158
-4.135,51.068
-4.955,50.259
-4.040,51.074
-5.115,50.206
-4.074,51.073
-5.058,50.261
-4.051,51.082
-5.087,50.228
-4.059,51.087
-4.002,51.100
-5.269,50.244
-5.229,50.240
-4.096,50.434
-3.764,50.953
-2.966,51.175
-3.085,51.147
-2.993,51.239
-2.980,51.225
-2.984,51.253
-2.839,51.236
-2.742,51.126
-2.784,51.280
-2.983,51.133
-3.005,51.132
-2.424,51.317
-2.914,51.331
-2.504,51.307
-2.976,51.334
-2.549,51.352
-2.964,51.335
-2.615,51.337
-2.969,51.347
-2.354,51.361
-2.382,51.359
-2.976,51.353
-2.467,51.384
-2.946,51.355
-2.367,51.369
-2.925,51.358
-2.560,51.468
-2.442,51.293
-2.964,51.322
-2.483,51.291
-3.474,50.578
-2.476,50.594
-3.672,50.567
-2.466,50.600
-3.620,50.599
-2.470,50.610
-3.465,50.588
-2.455,50.613
-3.494,50.672
-2.472,50.624
-3.737,50.642
-2.440,50.636
-3.806,50.246
-2.461,50.649
-3.620,50.709
-2.501,50.622
-3.502,50.556
-2.444,50.541
-3.595,50.551
-2.442,50.560
-1.783,51.086
-1.828,51.084
-1.743,51.124
-2.264,51.090
-1.772,51.197
-1.768,51.169
-2.192,51.429
-1.811,51.196
-2.209,51.746
-2.224,51.735
-1.801,51.082
-2.246,51.748
-1.891,51.078
-2.283,51.749
-2.178,51.778
-2.350,51.765
-2.276,51.823
-2.286,51.818
-2.160,51.729
-2.280,51.727
-1.914,50.757
-1.872,50.756
-1.888,50.759
-1.855,50.757
-1.895,50.768
-1.918,50.766
-3.516,50.395
-3.521,50.386
-1.899,50.752
-1.835,50.750
-4.066,50.327
-3.918,50.343
-3.590,50.351
-3.735,50.396
-3.923,50.390
-3.622,50.407
-3.686,50.431
-3.833,50.425
-3.688,50.275
-3.776,50.285
-2.547,51.078
-2.737,51.055
-3.009,51.095
-2.452,51.109
-2.891,51.132
-3.007,51.119
-3.022,51.130
-2.819,51.042
-2.413,51.054
-2.574,51.496
-2.394,51.536
-2.613,51.492
-2.422,51.546
-2.660,51.500
-2.410,51.548
-2.590,51.494
-2.624,51.553
-2.621,51.510
-2.541,51.590
-2.599,51.504
-2.413,51.604
-2.465,51.285
-2.514,51.605
-2.491,51.282
-2.515,51.615
-2.648,51.491
-2.419,51.534
-2.681,51.490
-2.544,51.535
-3.584,50.524
-3.761,50.511
-3.603,50.530
-3.613,50.527
-3.623,50.534
-3.630,50.525
-3.504,50.549
-3.542,50.550
-3.580,50.501
-3.639,50.491
-2.082,51.058
-1.721,50.986
-1.794,51.057
-1.689,51.056
-1.776,51.073
-1.808,51.062
-1.811,51.075
-1.789,51.072
-2.355,51.928
-2.407,51.930
-2.129,51.379
-1.939,51.673
-2.162,51.643
-1.970,51.706
-1.767,51.708
-1.957,51.719
-1.966,51.714
-2.516,51.857
-2.499,51.821
-4.809,50.285
-4.795,50.342
-4.779,50.339
-4.689,50.354
-4.766,50.346
-4.123,50.378
-4.177,50.373
-4.136,50.381
-4.160,50.381
-4.108,50.385
-4.036,50.383
-4.068,50.388
-4.171,50.383
-4.135,50.373
-2.488,51.407
-4.123,50.372
-2.505,51.408
-2.507,51.414
-2.392,51.398
-2.347,51.399
-2.325,51.253
-2.475,51.250
-2.303,51.239
-3.108,51.032
-2.746,51.122
-2.744,50.734
-2.650,50.953
-2.266,51.033
-2.096,51.946
-2.956,50.879
-2.815,51.327
-2.977,51.127
-2.137,51.364
-3.442,51.953
-3.380,51.763
-3.184,51.465
-3.187,51.472
-3.252,51.470
-4.513,51.817
-3.467,53.316
-4.718,51.723
-5.047,51.714
-4.950,51.716
-5.025,51.717
-4.742,51.798
-5.052,51.777
-4.973,51.804
-4.978,51.795
-4.942,51.691
-4.863,51.675
-3.484,53.316
-3.414,53.327
-3.487,53.321
-3.423,53.335
-3.400,53.335
-3.601,53.182
-3.797,53.140
-3.413,53.303
-3.686,51.484
-3.566,51.465
-3.599,51.503
-3.709,51.486
-3.546,51.509
-3.560,51.508
-3.579,51.511
-3.447,51.461
-3.316,51.457
-3.538,52.449
-4.032,51.623
-3.062,52.315
-3.964,51.628
-3.312,52.517
-4.102,51.638
-3.331,52.507
-3.980,51.637
-3.380,52.586
-3.942,51.636
-3.212,52.529
-3.952,51.640
-3.799,52.599
-3.909,51.644
-3.143,52.608
-3.975,51.646
-3.439,52.274
-3.996,51.621
-3.378,52.242
-3.923,51.623
-3.348,53.040
-3.174,52.970
-3.279,53.136
-3.309,53.114
-3.425,53.184
-3.404,53.185
-3.467,53.292
-3.446,53.254
-3.336,53.328
-3.248,53.282
-3.057,51.547
-3.181,51.540
-2.990,51.577
-3.015,51.564
-3.052,51.579
-3.018,51.577
-3.002,51.584
-2.952,51.582
-3.198,51.540
-3.141,51.534
-3.802,51.660
-3.368,51.742
-3.780,51.655
-3.386,51.748
-3.815,51.675
-3.358,51.764
-3.848,51.720
-3.762,51.686
-3.392,51.521
-3.714,51.763
-3.375,51.538
-3.631,51.744
-3.449,51.537
-3.848,51.658
-3.305,51.664
-3.636,51.652
-3.342,51.699
-3.094,51.523
-3.055,53.009
-3.169,51.463
-3.023,51.829
-3.593,51.521
-3.400,51.754
-3.821,51.668
-4.016,52.459
-4.126,51.579
-4.080,52.416
-4.010,51.585
-3.150,51.864
-4.032,51.585
-3.990,51.613
-3.963,51.615
-3.394,51.950
-3.946,51.620
-3.412,52.149
-3.969,51.619
-3.201,52.043
-4.016,51.621
-4.069,52.406
-4.005,51.573
-4.083,52.589
-3.831,53.322
-3.600,52.909
-3.896,52.744
-4.104,52.858
-4.551,52.847
-4.337,52.931
-4.433,52.891
-3.822,53.314
-3.773,53.315
-3.235,51.521
-3.165,51.525
-3.146,51.525
-3.261,51.521
-3.120,51.527
-3.216,51.530
-3.192,51.529
-3.208,51.521
-3.100,51.522
-3.775,51.593
-3.243,51.666
-3.757,51.575
-3.215,51.667
-3.818,51.602
-3.162,51.680
-3.800,51.594
-3.202,51.681
-3.759,51.618
-3.234,51.689
-3.805,51.619
-3.222,51.692
-3.798,51.653
-3.243,51.721
-3.820,51.640
-3.279,51.754
-3.657,51.632
-3.147,51.666
-3.653,51.606
-3.199,51.665
-3.582,53.286
-3.795,53.283
-3.730,53.288
-3.680,53.288
-3.818,53.293
-3.724,53.293
-3.747,53.310
-3.521,53.305
-3.838,53.276
-3.934,53.266
-2.819,51.582
-2.966,51.616
-2.744,51.603
-2.756,51.590
-2.702,51.668
-2.673,51.629
-2.861,51.783
-2.909,51.704
-3.005,51.614
-3.029,51.611
-4.118,51.681
-4.159,51.674
-4.173,51.686
-4.150,51.680
-4.253,51.688
-4.154,51.688
-4.094,51.695
-4.141,51.693
-4.033,51.714
-3.897,51.700
-4.316,53.258
-2.972,53.047
-4.496,53.258
-2.984,53.056
-4.578,53.290
-2.995,53.060
-4.140,53.274
-2.970,53.061
-4.266,53.338
-3.062,53.059
-4.633,53.307
-3.035,53.062
-3.025,53.072
-4.382,53.399
-3.007,53.079
-4.180,53.227
-2.982,53.040
-4.306,53.197
-3.001,53.041
-2.930,51.592
-2.975,51.590
-2.947,51.593
-3.055,51.593
-3.001,51.599
-2.982,51.597
-2.891,51.600
-2.969,51.600
-3.015,51.587
-2.974,51.584
-3.342,51.627
-3.464,51.625
-3.435,51.645
-3.466,51.642
-3.491,51.649
-3.331,51.649
-3.466,51.668
-3.510,51.661
-3.409,51.619
-3.444,51.615
-3.945,51.660
-3.890,51.657
-4.055,51.664
-3.928,51.665
-4.045,51.673
-3.878,51.669
-3.923,51.680
-3.995,51.676
-3.970,51.652
-4.038,51.646
-4.257,53.114
-3.265,52.769
-4.279,53.055
-3.059,52.940
-4.131,53.146
-2.865,52.969
-4.264,53.140
-3.074,52.976
-4.065,53.184
-3.033,52.992
-4.203,53.165
-4.130,53.228
-3.037,53.018
-4.144,53.218
-3.067,53.004
-3.936,52.985
-3.144,52.663
-4.135,52.931
-3.101,52.735
-3.047,51.702
-3.008,51.693
-3.066,51.732
-3.047,51.715
-3.135,51.704
-3.082,51.774
-3.197,51.758
-3.137,51.734
-3.027,51.682
-3.027,51.662
-3.316,51.570
-3.279,51.563
-3.453,51.584
-3.423,51.584
-3.350,51.603
-3.319,51.590
-3.329,51.610
-3.412,51.607
-3.331,51.560
-3.354,51.554
-3.172,51.467
-2.962,53.089
-3.977,52.341
-4.167,51.885
-4.326,51.860
-4.420,52.008
-3.978,51.895
-4.180,52.049
-3.823,52.003
-4.923,51.675
-4.710,51.675
-4.305,51.863
-4.303,51.853
-3.013,51.831
-3.046,51.638
-3.007,51.638
-3.031,51.646
-3.053,51.646
-3.008,51.659
-3.046,51.658
-3.077,51.820
-2.719,51.811
-3.293,51.410
-3.478,51.409
-3.189,51.424
-3.248,51.417
-3.213,51.434
-3.270,51.419
-3.190,51.441
-3.175,51.439
-3.263,51.409
-3.284,51.404
-4.094,51.789
-4.161,51.784
-3.986,51.792
-4.011,51.802
-4.240,51.783
-3.903,51.805
-4.051,51.726
-4.292,51.736
-3.036,53.209
-3.073,53.205
-3.065,53.219
-3.066,53.214
-3.139,53.241
-3.228,53.231
-3.206,53.277
-3.129,53.245
-3.016,53.197
-3.103,53.181
-3.096,51.607
-3.203,51.511
-3.271,51.599
-3.219,51.511
-3.166,51.620
-3.171,51.514
-3.086,51.608
-3.191,51.515
-3.260,51.646
-3.154,51.515
-3.130,51.639
-3.114,51.515
-3.195,51.653
-3.127,51.517
-3.229,51.650
-3.305,51.523
-3.237,51.594
-3.218,51.503
-3.194,51.593
-3.129,51.506
-3.429,51.697
-3.382,51.683
-3.464,51.716
-3.419,51.709
-3.503,51.738
-3.456,51.722
-3.405,51.403
-3.276,51.398
-3.540,51.676
-3.370,51.672
-3.208,51.481
-3.237,51.478
-3.152,51.482
-3.250,51.480
-3.158,51.485
-3.140,51.488
-3.199,51.486
-3.216,51.486
-3.192,51.479
-3.265,51.474
-4.651,52.024
-4.977,51.993
-4.644,52.091
-4.385,52.063
-4.360,52.180
-4.088,52.120
-4.198,52.252
-5.130,51.905
-4.856,51.859
-3.141,53.141
-3.039,53.111
-3.075,53.166
-3.039,53.149
-2.975,53.168
-3.145,53.166
-3.052,53.186
-3.108,53.170
-3.250,51.785
-3.243,51.490
-3.213,51.785
-3.170,51.496
-3.213,51.800
-3.157,51.496
-3.178,51.800
-3.181,51.496
-3.236,51.580
-3.247,51.496
-3.232,51.570
-3.229,51.496
-3.153,51.593
-3.193,51.501
-3.212,51.583
-3.162,51.504
-3.163,51.775
-3.166,51.490
-3.243,51.769
-3.177,51.490
-3.505,51.526
-3.705,51.522
-3.579,51.542
-3.682,51.532
-3.643,51.596
-3.593,51.547
-3.540,51.603
-3.583,51.606
-3.573,51.521
-3.597,51.513
-3.754,51.781
-3.829,51.777
